Day Number_Date_Time_Top Set WeightxNumber of Reps,camera,Lifting Notes,Grip,Beltless,Stiff Bar,Deficiet,Pauses,Top Set Weight,Number of Reps,Time,Effective Weight,Day,Date,Day Number,Average Weight,Daily Delta,DayNumber
1_20211229__405x,,,,,,,,405,,,405,Wednesday,20211229,1,,,3
2_20211230__405x,,,,,,,,405,,,405,Thursday,20211230,2,,,4
3_20211231__405x,,,,,,,,405,,,405,Friday,20211231,3,,,5
4_20220101__405x,,,,,,,,405,,,405,Saturday,20220101,4,,,6
5_20220102__405x,,,,,,,,405,,636,405,Sunday,20220102,5,,,7
6_20220103__405x,,,,,,,,405,,737,405,Monday,20220103,6,,,1
7_20220104__405x,,,,,,,,405,,738,405,Tuesday,20220104,7,405,0,2
8_20220105__405x,,,,,,,,405,,1248,405,Wednesday,20220105,8,405,0,3
9_20220106__415x2,,,,,,,,415,2,1849,427.865,Thursday,20220106,9,408.2664286,19.59857143,4
10_20220107__405x,,,,,,,,405,,,405,Friday,20220107,10,408.2664286,-3.266428571,5
11_20220108__405x,,,,,,,,405,,,405,Saturday,20220108,11,408.2664286,-3.266428571,6
12_20220109__405x,,,,,,,,405,,,405,Sunday,20220109,12,408.2664286,-3.266428571,7
13_20220110__405x,,,,,,,,405,,,405,Monday,20220110,13,408.2664286,-3.266428571,1
14_20220111__405x,,,,,,,,405,,,405,Tuesday,20220111,14,408.2664286,-3.266428571,2
15_20220112__405x,,,,,,,,405,,,405,Wednesday,20220112,15,408.2664286,-3.266428571,3
16_20220113__405x2,,,,,,,,405,2,,417.555,Thursday,20220113,16,406.7935714,10.76142857,4
17_20220114__405x,,,,,,,,405,,,405,Friday,20220114,17,406.7935714,-1.793571429,5
18_20220115__405x,,,,,,,,405,,,405,Saturday,20220115,18,406.7935714,-1.793571429,6
19_20220116__405x,,,,,,,,405,,,405,Sunday,20220116,19,406.7935714,-1.793571429,7
20_20220117__405x2,,,,,,,,405,2,,417.555,Monday,20220117,20,408.5871429,8.967857143,1
21_20220118__405x2,,,,,,,,405,2,,417.555,Tuesday,20220118,21,410.3807143,7.174285714,2
22_20220119__415x,,,,,,,,415,,,415,Wednesday,20220119,22,411.8092857,3.190714286,3
23_20220120__405x,,,,,,,,405,,,405,Thursday,20220120,23,410.0157143,-5.015714286,4
24_20220121__405x,,,,,,,,405,,,405,Friday,20220121,24,410.0157143,-5.015714286,5
25_20220122__405x,,,,,,,,405,,,405,Saturday,20220122,25,410.0157143,-5.015714286,6
26_20220123__405x2,,,,,,,,405,2,,417.555,Sunday,20220123,26,411.8092857,5.745714286,7
27_20220124__405x2,,,,,,,,405,2,,417.555,Monday,20220124,27,411.8092857,5.745714286,1
28_20220125__405x,,,,,,,,405,,,405,Tuesday,20220125,28,410.0157143,-5.015714286,2
29_20220126__415x2,,,,,,,,415,2,,427.865,Wednesday,20220126,29,411.8535714,16.01142857,3
30_20220127__405x,,,,,,,,405,,,405,Thursday,20220127,30,411.8535714,-6.853571429,4
31_20220128__405x,,,,,,,,405,,,405,Friday,20220128,31,411.8535714,-6.853571429,5
32_20220129__425x,,,,,,,,425,,,425,Saturday,20220129,32,414.7107143,10.28928571,6
33_20220130__405x,,,,,,,,405,,,405,Sunday,20220130,33,412.9171429,-7.917142857,7
34_20220131__415x2,,,,,,,,415,2,,427.865,Monday,20220131,34,414.39,13.475,1
35_20220201__435x,,,,,,,,435,,,435,Tuesday,20220201,35,418.6757143,16.32428571,2
36_20220202__405x3,,,,,,,,405,3,,430.11,Wednesday,20220202,36,418.9964286,11.11357143,3
37_20220203__425x,,,,,,,,425,,,425,Thursday,20220203,37,421.8535714,3.146428571,4
38_20220204__405x,,,,,,,,405,,,405,Friday,20220204,38,421.8535714,-16.85357143,5
39_20220205__405x,,,,,,,,405,,,405,Saturday,20220205,39,418.9964286,-13.99642857,6
40_20220206__405x,,,,,,,,405,,,405,Sunday,20220206,40,418.9964286,-13.99642857,7
41_20220207__415x,,,,,,,,415,,,415,Monday,20220207,41,417.1585714,-2.158571429,1
42_20220208__415x,,,,,,,,415,,,415,Tuesday,20220208,42,414.3014286,0.698571429,2
43_20220209__405x,,,,,,,,405,,,405,Wednesday,20220209,43,410.7142857,-5.714285714,3
44_20220210__415x,,,,,,,,415,,,415,Thursday,20220210,44,409.2857143,5.714285714,4
45_20220211__415x2,,,,,,,,415,2,,427.865,Friday,20220211,45,412.5521429,15.31285714,5
46_20220212__415x,,,,,,,,415,,,415,Saturday,20220212,46,413.9807143,1.019285714,6
47_20220213__415x,,,,,,,,415,,,415,Sunday,20220213,47,415.4092857,-0.409285714,7
48_20220214__415x,,,,,,,,415,,,415,Monday,20220214,48,415.4092857,-0.409285714,1
49_20220215__415x,,,,,,,,415,,,415,Tuesday,20220215,49,415.4092857,-0.409285714,2
50_20220216__415x,,,,,,,,415,,,415,Wednesday,20220216,50,416.8378571,-1.837857143,3
51_20220217__425x,,,,,,,,425,,,425,Thursday,20220217,51,418.2664286,6.733571429,4
52_20220218__435x,,,,,,,,435,,,435,Friday,20220218,52,419.2857143,15.71428571,5
53_20220219__405x,,,,,,,,405,,,405,Saturday,20220219,53,417.8571429,-12.85714286,6
54_20220220__415x,,,,,,,,415,,,415,Sunday,20220220,54,417.8571429,-2.857142857,7
55_20220221__415x,,,,,,,,415,,,415,Monday,20220221,55,417.8571429,-2.857142857,1
56_20220222__415x,,,,,,,,415,,,415,Tuesday,20220222,56,417.8571429,-2.857142857,2
57_20220223__425x,,,,,,,,425,,,425,Wednesday,20220223,57,419.2857143,5.714285714,3
58_20220224__415x,,,,,,,,415,,,415,Thursday,20220224,58,417.8571429,-2.857142857,4
59_20220225__445x,,,,,,,,445,,,445,Friday,20220225,59,419.2857143,25.71428571,5
60_20220226__415x,,,,,,,,415,,,415,Saturday,20220226,60,420.7142857,-5.714285714,6
61_20220227__425x,,,,,,,,425,,,425,Sunday,20220227,61,422.1428571,2.857142857,7
62_20220228__435x,,,,,,,,435,,,435,Monday,20220228,62,425,10,1
63_20220301__435x,,,,,,,,435,,,435,Tuesday,20220301,63,427.8571429,7.142857143,2
64_20220302__455x,,,,,,,,455,,,455,Wednesday,20220302,64,432.1428571,22.85714286,3
65_20220303__505x,,,,,,,,505,,,505,Thursday,20220303,65,445,60,4
66_20220304__415x,,,,,,,,415,,,415,Friday,20220304,66,440.7142857,-25.71428571,5
67_20220305__435x,,,,,,,,435,,,435,Saturday,20220305,67,443.5714286,-8.571428571,6
68_20220306__438x,,,,,,,,438,,,438,Sunday,20220306,68,445.4285714,-7.428571429,7
69_20220307__415x,,,,,,,,415,,,415,Monday,20220307,69,442.5714286,-27.57142857,1
70_20220308__405x,,,,,,,,405,,,405,Tuesday,20220308,70,438.2857143,-33.28571429,2
71_20220309__455x,,,,,,,,455,,,455,Wednesday,20220309,71,438.2857143,16.71428571,3
72_20220310__425x3,,,,,,,,425,3,,451.35,Thursday,20220310,72,430.6214286,20.72857143,4
73_20220311__405x,,,,,,,,405,,,405,Friday,20220311,73,429.1928571,-24.19285714,5
74_20220312__405x,,,,,,,,405,,,405,Saturday,20220312,74,424.9071429,-19.90714286,6
75_20220313__445x,,,,,,,,445,,,445,Sunday,20220313,75,425.9071429,19.09285714,7
76_20220314__405x,,,,,,,,405,,,405,Monday,20220314,76,424.4785714,-19.47857143,1
77_20220315__405x,,,,,,,,405,,,405,Tuesday,20220315,77,424.4785714,-19.47857143,2
78_20220316__415x,,,,,,,,415,,,415,Wednesday,20220316,78,418.7642857,-3.764285714,3
79_20220317__435x,,,,,,,,435,,,435,Thursday,20220317,79,416.4285714,18.57142857,4
80_20220318__435x,,,,,,,,435,,,435,Friday,20220318,80,420.7142857,14.28571429,5
81_20220319__435x,,,,,,,,435,,,435,Saturday,20220319,81,425,10,6
82_20220320__435x,,,,,,,,435,,,435,Sunday,20220320,82,423.5714286,11.42857143,7
83_20220321__415x2,,,,,,,,415,2,,427.865,Monday,20220321,83,426.8378571,1.027142857,1
84_20220322__435x,,,,,,,,435,,,435,Tuesday,20220322,84,431.1235714,3.876428571,2
85_20220323__455x,,,,,,,,455,,,455,Wednesday,20220323,85,436.8378571,18.16214286,3
86_20220324__435x,,,,,,,,435,,,435,Thursday,20220324,86,436.8378571,-1.837857143,4
87_20220325__435x,,,,,,,,435,,,435,Friday,20220325,87,436.8378571,-1.837857143,5
88_20220326__435x,,,,,,,,435,,,435,Saturday,20220326,88,436.8378571,-1.837857143,6
89_20220327__475x,,,,,,,,475,,,475,Sunday,20220327,89,442.5521429,32.44785714,7
90_20220328__435x2,,,,,,,,435,2,,448.485,Monday,20220328,90,445.4978571,2.987142857,1
91_20220329__485x,,,,,,,,485,,,485,Tuesday,20220329,91,452.6407143,32.35928571,2
92_20220330__415x,,,,,,,,415,,,415,Wednesday,20220330,92,446.9264286,-31.92642857,3
93_20220331__415x,,,,,,,,415,,,415,Thursday,20220331,93,444.0692857,-29.06928571,4
94_20220401__415x,,,,,,,,415,,,415,Friday,20220401,94,441.2121429,-26.21214286,5
95_20220402__415x,,,,,,,,415,,,415,Saturday,20220402,95,438.355,-23.355,6
96_20220403__415x,,,,,,,,415,,,415,Sunday,20220403,96,429.7835714,-14.78357143,7
97_20220404__435x,,,,,,,,435,,,435,Monday,20220404,97,427.8571429,7.142857143,1
98_20220405__415x,,,,,,,,415,,,415,Tuesday,20220405,98,417.8571429,-2.857142857,2
99_20220406__485x,,,,,,,,485,,,485,Wednesday,20220406,99,427.8571429,57.14285714,3
100_20220407__455x,,,,,,,,455,,,455,Thursday,20220407,100,433.5714286,21.42857143,4
101_20220408__435x,,,,,,,,435,,,435,Friday,20220408,101,436.4285714,-1.428571429,5
102_20220409__415x,,,,,,,,415,,,415,Saturday,20220409,102,436.4285714,-21.42857143,6
103_20220410__435x,,,,,,,,435,,,435,Sunday,20220410,103,439.2857143,-4.285714286,7
104_20220411__435x,,,,,,,,435,,,435,Monday,20220411,104,439.2857143,-4.285714286,1
105_20220412__455x,,,,,,,,455,,,455,Tuesday,20220412,105,445,10,2
106_20220413__455x,,,,,,,,455,,,455,Wednesday,20220413,106,440.7142857,14.28571429,3
107_20220414__505x,,,,,,,,505,,,505,Thursday,20220414,107,447.8571429,57.14285714,4
108_20220415__435x,,,,,,,,435,,,435,Friday,20220415,108,447.8571429,-12.85714286,5
109_20220416__435x2,,,,,,,,435,2,,448.485,Saturday,20220416,109,452.6407143,-4.155714286,6
110_20220417__445x1,,,,,,,,445,1,,445,Sunday,20220417,110,454.0692857,-9.069285714,7
111_20220418__455x,,,,,,,,455,,,455,Monday,20220418,111,456.9264286,-1.926428571,1
112_20220419__415x,,,,,,,,415,,,415,Tuesday,20220419,112,451.2121429,-36.21214286,2
113_20220420__435x,,,,,,,,435,,,435,Wednesday,20220420,113,448.355,-13.355,3
114_20220421__415x,,,,,,,,415,,,415,Thursday,20220421,114,435.4978571,-20.49785714,4
115_20220422__415x,,,,,,,,415,,,415,Friday,20220422,115,432.6407143,-17.64071429,5
116_20220423__415x,,,,,,,,415,,,415,Saturday,20220423,116,427.8571429,-12.85714286,6
117_20220424__525x,,,,,,,,525,,,525,Sunday,20220424,117,439.2857143,85.71428571,7
118_20220425__435x,,,,,,,,435,,,435,Monday,20220425,118,436.4285714,-1.428571429,1
119_20220426__455x1,,,,,,,,455,1,,455,Tuesday,20220426,119,442.1428571,12.85714286,2
120_20220427__415x2,,,,,,,,415,2,,427.865,Wednesday,20220427,120,441.1235714,-13.25857143,3
121_20220428__435x1,,,,,,,,435,1,,435,Thursday,20220428,121,443.9807143,-8.980714286,4
122_20220429__445x,,,,,,,,445,,,445,Friday,20220429,122,448.2664286,-3.266428571,5
123_20220430__455x1,,,,,,,,455,1,,455,Saturday,20220430,123,453.9807143,1.019285714,6
124_20220501__455x2,,,,,,,,455,2,,469.105,Sunday,20220501,124,445.9957143,23.10928571,7
125_20220502__415x,,,,,,,,415,,,415,Monday,20220502,125,443.1385714,-28.13857143,1
126_20220503__415x,,,,,,,,415,,,415,Tuesday,20220503,126,437.4242857,-22.42428571,2
127_20220504__415x,,,,,,,,415,,,415,Wednesday,20220504,127,435.5864286,-20.58642857,3
128_20220505__415x,,,,,,,,415,,,415,Thursday,20220505,128,432.7292857,-17.72928571,4
129_20220506__415x,,,,,,,,415,,,415,Friday,20220506,129,428.4435714,-13.44357143,5
130_20220507__415x,,,,,,,,415,,,415,Saturday,20220507,130,422.7292857,-7.729285714,6
131_20220508__485x2,,,,,,,,485,2,,500.035,Sunday,20220508,131,427.1478571,72.88714286,7
132_20220509__415x,,,,,,,,415,,,415,Monday,20220509,132,427.1478571,-12.14785714,1
133_20220510__415x,,,,,,,,415,,,415,Tuesday,20220510,133,427.1478571,-12.14785714,2
134_20220511__415x,,,,,,,,415,,,415,Wednesday,20220511,134,427.1478571,-12.14785714,3
135_20220512__415x,,,,,,,,415,,,415,Thursday,20220512,135,427.1478571,-12.14785714,4
136_20220513__415x,,,,,,,,415,,,415,Friday,20220513,136,427.1478571,-12.14785714,5
137_20220514__415x,,,,,,,,415,,,415,Saturday,20220514,137,427.1478571,-12.14785714,6
138_20220515__515x2,,,,,,,,515,2,,530.965,Sunday,20220515,138,431.5664286,99.39857143,7
139_20220516__455x,,,,,,,,455,,,455,Monday,20220516,139,437.2807143,17.71928571,1
140_20220517__435x,,,,,,,,435,,,435,Tuesday,20220517,140,440.1378571,-5.137857143,2
141_20220518__415x,,,,,,,,415,,,415,Wednesday,20220518,141,440.1378571,-25.13785714,3
142_20220519__415x,,,,,,,,415,,,415,Thursday,20220519,142,440.1378571,-25.13785714,4
143_20220520__415x,,,,,,,,415,,,415,Friday,20220520,143,440.1378571,-25.13785714,5
144_20220521__415x,,,,,,,,415,,,415,Saturday,20220521,144,440.1378571,-25.13785714,6
145_20220522__545x2,,,,,,,,545,2,,561.895,Sunday,20220522,145,444.5564286,117.3385714,7
146_20220523__435x,,,,,,,,435,,,435,Monday,20220523,146,441.6992857,-6.699285714,1
147_20220524__435x,,,,,,,,435,,,435,Tuesday,20220524,147,441.6992857,-6.699285714,2
148_20220525__435x,,,,,,,,435,,,435,Wednesday,20220525,148,444.5564286,-9.556428571,3
149_20220526__435x,,,,,,,,435,,,435,Thursday,20220526,149,447.4135714,-12.41357143,4
150_20220527__435x,,,,,,,,435,,,435,Friday,20220527,150,450.2707143,-15.27071429,5
151_20220528__435x,,,,,,,,435,,,435,Saturday,20220528,151,453.1278571,-18.12785714,6
152_20220529__496x,,,,,,,,496,,,496,Sunday,20220529,152,443.7142857,52.28571429,7
153_20220530__455x,,,,,,,,455,,,455,Monday,20220530,153,446.5714286,8.428571429,1
154_20220531__435x,,,,,,,,435,,,435,Tuesday,20220531,154,446.5714286,-11.57142857,2
155_20220601__435x,,,,,,,,435,,,435,Wednesday,20220601,155,446.5714286,-11.57142857,3
156_20220602__445x,,,,,,,,445,,,445,Thursday,20220602,156,448,-3,4
157_20220603__455x,,,,,,,,455,,,455,Friday,20220603,157,450.8571429,4.142857143,5
158_20220604__435x,,,,,,,,435,,,435,Saturday,20220604,158,450.8571429,-15.85714286,6
159_20220605__500x3,,,,,,,,500,3,,531,Sunday,20220605,159,455.8571429,75.14285714,7
160_20220606__435x1,,,,,,,,435,1,,435,Monday,20220606,160,453,-18,1
161_20220607__435x1,,,,,,,,435,1,,435,Tuesday,20220607,161,453,-18,2
162_20220608__435x1,,,,,,,,435,1,,435,Wednesday,20220608,162,453,-18,3
163_20220609__435x1,,,,,,,,435,1,,435,Thursday,20220609,163,451.5714286,-16.57142857,4
164_20220610__435x1,,,,,,,,435,1,,435,Friday,20220610,164,448.7142857,-13.71428571,5
165_20220611__535x2,,,,,,,,535,2,,551.585,Saturday,20220611,165,465.3692857,86.21571429,6
166_20220612__405x1,,,,,,,,405,1,,405,Sunday,20220612,166,447.3692857,-42.36928571,7
167_20220613__405x1,,,,,,,,405,1,,405,Monday,20220613,167,443.0835714,-38.08357143,1
168_20220614__405x1,,,,,,,,405,1,,405,Tuesday,20220614,168,438.7978571,-33.79785714,2
169_20220615__405x1,,,,,,,,405,1,,405,Wednesday,20220615,169,434.5121429,-29.51214286,3
170_20220616__405x1,,,,,,,,405,1,,405,Thursday,20220616,170,430.2264286,-25.22642857,4
171_20220617__405x2,,,,,,,,405,2,,417.555,Friday,20220617,171,427.7342857,-10.17928571,5
172_20220618__405x1,,,,,,,,405,1,,405,Saturday,20220618,172,406.7935714,-1.793571429,6
173_20220619__405x1,,,,,,,,405,1,,405,Sunday,20220619,173,406.7935714,-1.793571429,7
174_20220620__405x1,,,,,,,,405,1,,405,Monday,20220620,174,406.7935714,-1.793571429,1
175_20220621__405x1,,,,,,,,405,1,,405,Tuesday,20220621,175,406.7935714,-1.793571429,2
176_20220622__415x1,,,,,,,,415,1,,415,Wednesday,20220622,176,408.2221429,6.777857143,3
177_20220623__435x1,,,,,,,,435,1,,435,Thursday,20220623,177,412.5078571,22.49214286,4
178_20220624__455x2,,,,,,,,455,2,,469.105,Friday,20220624,178,419.8721429,49.23285714,5
179_20220625__435x1,,,,,,,,435,1,,435,Saturday,20220625,179,424.1578571,10.84214286,6
180_20220626__435x1,,,,,,,,435,1,,435,Sunday,20220626,180,428.4435714,6.556428571,7
181_20220627__435x1,,,,,,,,435,1,,435,Monday,20220627,181,432.7292857,2.270714286,1
182_20220628__415x1,,,,,,,,415,1,,415,Tuesday,20220628,182,434.1578571,-19.15785714,2
183_20220629__415x1,,,,,,,,415,1,,415,Wednesday,20220629,183,434.1578571,-19.15785714,3
184_20220630__415x1,,,,,,,,415,1,,415,Thursday,20220630,184,431.3007143,-16.30071429,4
185_20220701__415x1,,,,,,,,415,1,,415,Friday,20220701,185,423.5714286,-8.571428571,5
186_20220702__415x1,,,,,,,,415,1,,415,Saturday,20220702,186,420.7142857,-5.714285714,6
187_20220703__415x1,,,,,,,,415,1,,415,Sunday,20220703,187,417.8571429,-2.857142857,7
188_20220704__525x1,,,,,,,,525,1,,525,Monday,20220704,188,430.7142857,94.28571429,1
189_20220705__415x1,,,,,,,,415,1,,415,Tuesday,20220705,189,430.7142857,-15.71428571,2
190_20220706__415x1,,,,,,,,415,1,,415,Wednesday,20220706,190,430.7142857,-15.71428571,3
191_20220707__415x1,,,,,,,,415,1,,415,Thursday,20220707,191,430.7142857,-15.71428571,4
192_20220708__415x1,,,,,,,,415,1,,415,Friday,20220708,192,430.7142857,-15.71428571,5
193_20220709__415x1,,,,,,,,415,1,,415,Saturday,20220709,193,430.7142857,-15.71428571,6
194_20220710__415x1,,,,,,,,415,1,,415,Sunday,20220710,194,430.7142857,-15.71428571,7
195_20220711__415x1,,,,,,,,415,1,,415,Monday,20220711,195,415,0,1
196_20220712__415x1,,,,,,,,415,1,,415,Tuesday,20220712,196,415,0,2
197_20220713__415x2,,,,,,,,415,2,,427.865,Wednesday,20220713,197,416.8378571,11.02714286,3
198_20220714__415x1,,,,,,,,415,1,,415,Thursday,20220714,198,416.8378571,-1.837857143,4
199_20220715__415x1,,,,,,,,415,1,,415,Friday,20220715,199,416.8378571,-1.837857143,5
200_20220716__415x1,,,,,,,,415,1,,415,Saturday,20220716,200,416.8378571,-1.837857143,6
201_20220717__505x1,,,,,,,,505,1,,505,Sunday,20220717,201,429.695,75.305,7
202_20220718__415x1,,,,,,,,415,1,,415,Monday,20220718,202,429.695,-14.695,1
203_20220719__415x1,,,,,,,,415,1,,415,Tuesday,20220719,203,429.695,-14.695,2
204_20220720__435x2,,,,,,,,435,2,,448.485,Wednesday,20220720,204,432.6407143,15.84428571,3
205_20220721__415x3,,,,,,,,415,3,,440.73,Thursday,20220721,205,436.3164286,4.413571429,4
206_20220722__415x1,,,,,,,,415,1,,415,Friday,20220722,206,436.3164286,-21.31642857,5
207_20220723__455x2,,,,,,,,455,2,,469.105,Saturday,20220723,207,444.0457143,25.05928571,6
208_20220724__425x1,,,,,,,,425,1,,425,Sunday,20220724,208,432.6171429,-7.617142857,7
209_20220725__415x2,,,,,,,,415,2,,427.865,Monday,20220725,209,434.455,-6.59,1
210_20220726__415x1,,,,,,,,415,1,,415,Tuesday,20220726,210,434.455,-19.455,2
211_20220727__415x1,,,,,,,,415,1,,415,Wednesday,20220727,211,429.6714286,-14.67142857,3
212_20220728__415x2,,,,,,,,415,2,,427.865,Thursday,20220728,212,427.8335714,0.031428571,4
213_20220729__415x1,,,,,,,,415,1,,415,Friday,20220729,213,427.8335714,-12.83357143,5
214_20220730__415x1,,,,,,,,415,1,,415,Saturday,20220730,214,420.1042857,-5.104285714,6
215_20220731__435x1,,,,,,,,435,1,,435,Sunday,20220731,215,421.5328571,13.46714286,7
216_20220801__435x1,,,,,,,,435,1,,435,Monday,20220801,216,422.5521429,12.44785714,1
217_20220802__485x2,,,,,,,,485,2,,500.035,Tuesday,20220802,217,434.7,65.335,2
218_20220803__435x1,,,,,,,,435,1,,435,Wednesday,20220803,218,437.5571429,-2.557142857,3
219_20220804__415x1,,,,,,,,415,1,,415,Thursday,20220804,219,435.7192857,-20.71928571,4
220_20220805__415x1,,,,,,,,415,1,,415,Friday,20220805,220,435.7192857,-20.71928571,5
221_20220806__415x1,,,,,,,,415,1,,415,Saturday,20220806,221,435.7192857,-20.71928571,6
222_20220807__425x1,,,,,,,,425,1,,425,Sunday,20220807,222,434.2907143,-9.290714286,7
223_20220808__505x1,,,,,,,,505,1,,505,Monday,20220808,223,444.2907143,60.70928571,1
224_20220809__415x1,,,,,,,,415,1,,415,Tuesday,20220809,224,432.1428571,-17.14285714,2
225_20220810__415x1,,,,,,,,415,1,,415,Wednesday,20220810,225,429.2857143,-14.28571429,3
226_20220811__415x1,,,,,,,,415,1,,415,Thursday,20220811,226,429.2857143,-14.28571429,4
227_20220812__415x1,,,,,,,,415,1,,415,Friday,20220812,227,429.2857143,-14.28571429,5
228_20220813__415x1,,,,,,,,415,1,,415,Saturday,20220813,228,429.2857143,-14.28571429,6
229_20220814__415x3,,,,,,,,415,3,,440.73,Sunday,20220814,229,431.5328571,9.197142857,7
230_20220815__435x2,,,,,,,,435,2,,448.485,Monday,20220815,230,423.4592857,25.02571429,1
231_20220816__415x1,,,,,,,,415,1,,415,Tuesday,20220816,231,423.4592857,-8.459285714,2
232_20220817__415x5,,,,,,,,415,5,,466.46,Wednesday,20220817,232,430.8107143,35.64928571,3
233_20220818__455x1,,,,,,,,455,1,,455,Thursday,20220818,233,436.525,18.475,4
234_20220819__415x1,,,,,,,,415,1,,415,Friday,20220819,234,436.525,-21.525,5
235_20220820__415x1,,,,,,,,415,1,,415,Saturday,20220820,235,436.525,-21.525,6
236_20220821__455x2,,,,,,,,455,2,,469.105,Sunday,20220821,236,440.5785714,28.52642857,7
237_20220822__455x1,,,,,,,,455,1,,455,Monday,20220822,237,441.5092857,13.49071429,1
238_20220823__475x1,,,,,,,,475,1,,475,Tuesday,20220823,238,450.0807143,24.91928571,2
239_20220824__415x1,,,,,,,,415,1,,415,Wednesday,20220824,239,442.7292857,-27.72928571,3
240_20220825__525x1,,,,,,,,525,1,,525,Thursday,20220825,240,452.7292857,72.27071429,4
241_20220826__435x1,,,,,,,,435,1,,435,Friday,20220826,241,455.5864286,-20.58642857,5
242_20220827__435x1,,,,,,,,435,1,,435,Saturday,20220827,242,458.4435714,-23.44357143,6
243_20220828__495x1,,,,,,,,495,1,,495,Sunday,20220828,243,462.1428571,32.85714286,7
244_20220829__435x1,,,,,,,,435,1,,435,Monday,20220829,244,459.2857143,-24.28571429,1
245_20220830__435x1,,,,,,,,435,1,,435,Tuesday,20220830,245,453.5714286,-18.57142857,2
246_20220831__435x1,,,,,,,,435,1,,435,Wednesday,20220831,246,456.4285714,-21.42857143,3
247_20220901__435x1,,,,,,,,435,1,,435,Thursday,20220901,247,443.5714286,-8.571428571,4
248_20220902__435x3,,,,,,,,435,3,,461.97,Friday,20220902,248,447.4242857,14.54571429,5
249_20220903__455x3,,,,,,,,455,3,,483.21,Saturday,20220903,249,454.3114286,28.89857143,6
250_20220904__415x1,,,,,,,,415,1,,415,Sunday,20220904,250,442.8828571,-27.88285714,7
251_20220905__415x1,,,,,,,,415,1,,415,Monday,20220905,251,440.0257143,-25.02571429,1
252_20220906__455x1,,,,,,,,455,1,,455,Tuesday,20220906,252,442.8828571,12.11714286,2
253_20220907__500x1,,,,,,,,500,1,,500,Wednesday,20220907,253,452.1685714,47.83142857,3
254_20220908__435x1,,,,,,,,435,1,,435,Thursday,20220908,254,452.1685714,-17.16857143,4
255_20220909__435x1,,,,,,,,435,1,,435,Friday,20220909,255,448.3157143,-13.31571429,5
256_20220910__415x1,,,,,,,,415,1,,415,Saturday,20220910,256,438.5714286,-23.57142857,6
257_20220911__435x2,,,,,,,,435,2,,448.485,Sunday,20220911,257,443.355,5.13,7
258_20220912__465x1,,,,,,,,465,1,,465,Monday,20220912,258,450.4978571,14.50214286,1
259_20220913__435x3,,,,,,,,435,3,,461.97,Tuesday,20220913,259,451.4935714,10.47642857,2
260_20220914__455x3,,,,,,,,455,3,,483.21,Wednesday,20220914,260,449.095,34.115,3
261_20220915__435x2,,,,,,,,435,2,,448.485,Thursday,20220915,261,451.0214286,-2.536428571,4
262_20220916__415x5,,,,,,,,415,5,,466.46,Friday,20220916,262,455.5157143,10.94428571,5
263_20220917__455x1,,,,,,,,455,1,,455,Saturday,20220917,263,461.23,-6.23,6
264_20220918__465x3,,,,,,,,465,3,,493.83,Sunday,20220918,264,467.7078571,26.12214286,7
265_20220919__465x5,,,,,,,,465,5,,522.66,Monday,20220919,265,475.945,46.715,1
266_20220920__435x1,,,,,,,,435,1,,435,Tuesday,20220920,266,472.0921429,-37.09214286,2
267_20220921__465x1,,,,,,,,465,1,,465,Wednesday,20220921,267,469.4907143,-4.490714286,3
268_20220922__415x1,,,,,,,,415,1,,415,Thursday,20220922,268,464.7071429,-49.70714286,4
269_20220923__465x1,,,,,,,,465,1,,465,Friday,20220923,269,464.4985714,0.501428571,5
270_20220924__502.5x1,,,,,,,,502.5,1,,502.5,Saturday,20220924,270,471.2842857,31.21571429,6
271_20220925__435x1,,,,,,,,435,1,,435,Sunday,20220925,271,462.88,-27.88,7
272_20220926__435x8,,,,,,,,435,8,,529.395,Monday,20220926,272,463.8421429,65.55285714,1
273_20220927__435x1,,,,,,,,435,1,,435,Tuesday,20220927,273,463.8421429,-28.84214286,2
274_20220928__475x1,,,,,,,,475,1,,475,Wednesday,20220928,274,465.2707143,9.729285714,3
275_20220929__435x4,,,,,,,,435,4,,475.455,Thursday,20220929,275,473.9071429,1.547857143,4
276_20220930__435x1,,,,,,,,435,1,,435,Friday,20220930,276,469.6214286,-34.62142857,5
277_20221001__475x4,,,,,,,,475,4,,519.175,Saturday,20221001,277,472.0035714,47.17142857,6
278_20221002__455x2,,,,,,,,455,2,,469.105,Sunday,20221002,278,476.8757143,-7.770714286,7
279_20221003__435x4,,,,,,,,435,4,,475.455,Monday,20221003,279,469.17,6.285,1
280_20221004__435x5,,,,,,,,435,5,,488.94,Tuesday,20221004,280,476.8757143,12.06428571,2
281_20221005__455x2,,,,,,,,455,2,,469.105,Wednesday,20221005,281,476.0335714,-6.928571429,3
282_20221006__465x2,,,,,,,,465,2,,479.415,Thursday,20221006,282,476.5992857,2.815714286,4
283_20221007__435x10,,,,,,,,435,10,,556.365,Friday,20221007,283,493.9371429,62.42785714,5
284_20221008__455x2,,,,,,,,455,2,,469.105,Saturday,20221008,284,486.7842857,-17.67928571,6
285_20221009__485x1,,,,,,,,485,1,,485,Sunday,20221009,285,489.055,-4.055,7
286_20221010__435x1,,,,,,,,435,1,,435,Monday,20221010,286,483.2757143,-48.27571429,1
287_20221011__455x5,,,,,,,,455,5,,511.42,Tuesday,20221011,287,486.4871429,24.93285714,2
288_20221012__440x2,,,,,,,,440,2,,453.64,Wednesday,20221012,288,484.2778571,-30.63785714,3
289_20221013__455x2,,,,,,,,455,2,,469.105,Thursday,20221013,289,482.805,-13.7,4
290_20221014__455x3,,,,,,,,455,3,,483.21,Friday,20221014,290,472.3542857,10.85571429,5
291_20221015__505x4,,,,,,,,505,4,,551.965,Saturday,20221015,291,484.1914286,67.77357143,6
292_20221016__455x1,,,,,,,,455,1,,455,Sunday,20221016,292,479.9057143,-24.90571429,7
293_20221017__475x3,,,,,,,,475,3,,504.45,Monday,20221017,293,489.8271429,14.62285714,1
294_20221018__455x2,,,,,,,,455,2,,469.105,Tuesday,20221018,294,483.7821429,-14.67714286,2
295_20221019__435x3,,,,,,,,435,3,,461.97,Wednesday,20221019,295,484.9721429,-23.00214286,3
296_20221020__455x1,,,,,,,,455,1,,455,Thursday,20221020,296,482.9571429,-27.95714286,4
297_20221021__435x3,,,,,,,,435,3,,461.97,Friday,20221021,297,479.9228571,-17.95285714,5
298_20221022__435x5,,,,,,,,435,5,,488.94,Saturday,20221022,298,470.9192857,18.02071429,6
299_20221023__435x3,,,,,,,,435,3,,461.97,Sunday,20221023,299,471.915,-9.945,7
300_20221024__485x2,,,,,,,,485,2,,500.035,Monday,20221024,300,471.2842857,28.75071429,1
301_20221025__435x3,,,,,,,,435,3,,461.97,Tuesday,20221025,301,470.265,-8.295,2
302_20221026__455x1,,,,,,,,455,1,,455,Wednesday,20221026,302,469.2692857,-14.26928571,3
303_20221027__440x2,,,,,,,,440,2,,453.64,Thursday,20221027,303,469.075,-15.435,4
304_20221028__455x3,,,,,,,,455,3,,483.21,Friday,20221028,304,472.1092857,11.10071429,5
305_20221029__455x1,,,,,,,,455,1,,455,Saturday,20221029,305,467.2607143,-12.26071429,6
306_20221030__440x2,,,,,,,,440,2,,453.64,Sunday,20221030,306,466.0707143,-12.43071429,7
307_20221031__455x2,,,,,,,,455,2,,469.105,Monday,20221031,307,461.6521429,7.452857143,1
308_20221101__475x2,,,,,,,,475,2,,489.725,Tuesday,20221101,308,465.6171429,24.10785714,2
309_20221102__455x1,,,,,,,,455,1,,455,Wednesday,20221102,309,465.6171429,-10.61714286,3
310_20221103__455x1,,,,,,,,455,1,,455,Thursday,20221103,310,465.8114286,-10.81142857,4
311_20221104__435x4,,,,,,,,435,4,,475.455,Friday,20221104,311,464.7035714,10.75142857,5
312_20221105__435x3,,,,,,,,435,3,,461.97,Saturday,20221105,312,465.6992857,-3.729285714,6
313_20221106__525x1,,,,,,,,525,1,,525,Sunday,20221106,313,475.8935714,49.10642857,7
314_20221107__435x3,,,,,,,,435,3,,461.97,Monday,20221107,314,474.8742857,-12.90428571,1
315_20221108__435x4,,,,,,,,435,4,,475.455,Tuesday,20221108,315,472.8357143,2.619285714,2
316_20221109__440x2,,,,,,,,440,2,,453.64,Wednesday,20221109,316,472.6414286,-19.00142857,3
317_20221110__440x2,,,,,,,,440,2,,453.64,Thursday,20221110,317,472.4471429,-18.80714286,4
318_20221111__440x2,,,,,,,,440,2,,453.64,Friday,20221111,318,469.3307143,-15.69071429,5
319_20221112__445x2,,,,,,,,445,2,,458.795,Saturday,20221112,319,468.8771429,-10.08214286,6
320_20221113__475x8,,,,,,,,475,8,,578.075,Sunday,20221113,320,476.4592857,101.6157143,7
321_20221114__455x1,,,,,,,,455,1,,455,Monday,20221114,321,475.4635714,-20.46357143,1
322_20221115__455x1,,,,,,,,455,1,,455,Tuesday,20221115,322,472.5414286,-17.54142857,2
323_20221116__455x2,,,,,,,,455,2,,469.105,Wednesday,20221116,323,474.7507143,-5.645714286,3
324_20221117__455x3,,,,,,,,455,3,,483.21,Thursday,20221117,324,478.975,4.235,4
325_20221118__455x1,,,,,,,,455,1,,455,Friday,20221118,325,479.1692857,-24.16928571,5
326_20221119__455x3,,,,,,,,455,3,,483.21,Saturday,20221119,326,482.6571429,0.552857143,6
327_20221120__455x1,,,,,,,,455,1,,455,Sunday,20221120,327,465.075,-10.075,7
328_20221121__455x2,,,,,,,,455,2,,469.105,Monday,20221121,328,467.09,2.015,1
329_20221122__455x3,,,,,,,,455,3,,483.21,Tuesday,20221122,329,471.12,12.09,2
330_20221123__475x3,,,,,,,,475,3,,504.45,Wednesday,20221123,330,476.1692857,28.28071429,3
331_20221124__455x3,,,,,,,,455,3,,483.21,Thursday,20221124,331,476.1692857,7.040714286,4
332_20221125__455x3,,,,,,,,455,3,,483.21,Friday,20221125,332,480.1992857,3.010714286,5
333_20221126__458x1,,,,,,,,458,1,,458,Saturday,20221126,333,476.5978571,-18.59785714,6
334_20221127__455x3,,,,,,,,455,3,,483.21,Sunday,20221127,334,480.6278571,2.582142857,7
335_20221128__455x3,,,,,,,,455,3,,483.21,Monday,20221128,335,482.6428571,0.567142857,1
336_20221129__505x1,,,,,,,,505,1,,505,Tuesday,20221129,336,485.7557143,19.24428571,2
337_20221130__455x3,,,,,,,,455,3,,483.21,Wednesday,20221130,337,482.7214286,0.488571429,3
338_20221201__455x3,,,,,,,,455,3,,483.21,Thursday,20221201,338,482.7214286,0.488571429,4
339_20221202__455x3,,,,,,,,455,3,,483.21,Friday,20221202,339,482.7214286,0.488571429,5
340_20221203__445x2,,,,,,,,445,2,,458.795,Saturday,20221203,340,482.835,-24.04,6
341_20221204__455x2,,,,,,,,455,2,,469.105,Sunday,20221204,341,480.82,-11.715,7
342_20221205__505x6,,,,,,,,505,6,,583.275,Monday,20221205,342,495.115,88.16,1
343_20221206__455x3,,,,,,,,455,3,,483.21,Tuesday,20221206,343,492.0021429,-8.792142857,2
344_20221207__455x3,,,,,,,,455,3,,483.21,Wednesday,20221207,344,492.0021429,-8.792142857,3
345_20221208__455x1,,,,,,,,455,1,,455,Thursday,20221208,345,487.9721429,-32.97214286,4
346_20221209__455x1,,,,,,,,455,1,,455,Friday,20221209,346,483.9421429,-28.94214286,5
347_20221210__455x1,,,,,,,,455,1,,455,Saturday,20221210,347,483.4,-28.4,6
348_20221211__455x3,,,,,,,,455,3,,483.21,Sunday,20221211,348,485.415,-2.205,7
349_20221212__455x3,,,,,,,,455,3,,483.21,Monday,20221212,349,471.12,12.09,1
350_20221213__455x1,,,,,,,,455,1,,455,Tuesday,20221213,350,467.09,-12.09,2
351_20221214__455x1,,,,,,,,455,1,,455,Wednesday,20221214,351,463.06,-8.06,3
352_20221215__455x1,,,,,,,,455,1,,455,Thursday,20221215,352,463.06,-8.06,4
353_20221216__455x1,,,,,,,,455,1,,455,Friday,20221216,353,463.06,-8.06,5
354_20221217__505x1,,,,,,,,505,1,,505,Saturday,20221217,354,470.2028571,34.79714286,6
355_20221218__505x1,,,,,,,,505,1,,505,Sunday,20221218,355,473.3157143,31.68428571,7
356_20221219__505x1,,,,,,,,505,1,,505,Monday,20221219,356,476.4285714,28.57142857,1
357_20221220__505x1,,,,,,,,505,1,,505,Tuesday,20221220,357,483.5714286,21.42857143,2
358_20221221__505x1,,,,,,,,505,1,,505,Wednesday,20221221,358,490.7142857,14.28571429,3
359_20221222__505x1,,,,,,,,505,1,,505,Thursday,20221222,359,497.8571429,7.142857143,4
360_20221223__505x1,,,,,,,,505,1,,505,Friday,20221223,360,505,0,5
361_20221224__505x1,,,,,,,,505,1,,505,Saturday,20221224,361,505,0,6
362_20221225__505x1,,,,,,,,505,1,,505,Sunday,20221225,362,505,0,7
363_20221226__505x1,,,,,,,,505,1,,505,Monday,20221226,363,505,0,1
364_20221227__505x1,,,,,,,,505,1,,505,Tuesday,20221227,364,505,0,2
365_20221228__505x1,,,,,,,,505,1,,505,Wednesday,20221228,365,505,0,3
366_20221229__505x1,,,,,,,,505,1,,505,Thursday,20221229,366,505,0,4
367_20221230__505x1,,,,,,,,505,1,,505,Friday,20221230,367,505,0,5
368_20221231__455x1,,,,,,,,455,1,,455,Saturday,20221231,368,497.8571429,-42.85714286,6
369_20230101__455x2,,,S,0,0,1,0,455,2,,469.105,Sunday,20230101,369,492.7292857,-23.62428571,7
370_20230102__455x3,,,S,0,0,0,0,455,3,,483.21,Monday,20230102,370,489.6164286,-6.406428571,1
371_20230103__455x2,,,M,0,0,0,0,455,2,,469.105,Tuesday,20230103,371,484.4885714,-15.38357143,2
372_20230104__455x3,,,S,0,0,0,1,455,3,,483.21,Wednesday,20230104,372,481.3757143,1.834285714,3
373_20230105__475x1,,,S,0,0,0,0,475,1,,475,Thursday,20230105,373,477.09,-2.09,4
374_20230106__455x1,,,M,1,0,0,0,455,1,,455,Friday,20230106,374,469.9471429,-14.94714286,5
375_20230107__525x2,,,S,0,0,0,0,525,2,,541.275,Saturday,20230107,375,482.2721429,59.00285714,6
376_20230108__475x1,,,M,0,0,0,0,475,1,,475,Sunday,20230108,376,483.1142857,-8.114285714,7
377_20230109__455x2,,,S,0,0,0,0,455,2,,469.105,Monday,20230109,377,481.0992857,-11.99428571,1
378_20230110__505x1,,,S,0,0,0,0,505,1,,505,Tuesday,20230110,378,486.2271429,18.77285714,2
379_20230111__505x2,,,M,0,0,0,0,505,2,,520.655,Wednesday,20230111,379,491.5764286,29.07857143,3
380_20230112__455x3,,,S,0,0,0,1,455,3,,483.21,Thursday,20230112,380,492.7492857,-9.539285714,4
381_20230113__455x4,,,S,0,0,0,0,455,4,,497.315,Friday,20230113,381,498.7942857,-1.479285714,5
382_20230114__475x2,,,M,0,0,1,0,475,2,,489.725,Saturday,20230114,382,491.43,-1.705,6
383_20230115__455x3,,,S,0,0,0,0,455,3,,483.21,Sunday,20230115,383,492.6028571,-9.392857143,7
384_20230116__505x2,,,S,0,0,0,0,505,2,,520.655,Monday,20230116,384,499.9671429,20.68785714,1
385_20230117__475x2,,,M,0,0,0,0,475,2,,489.725,Tuesday,20230117,385,497.785,-8.06,2
386_20230118__475x3,,,S,0,0,0,0,475,3,,504.45,Wednesday,20230118,386,495.47,8.98,3
387_20230119__455x5,,,S,0,0,0,0,455,5,,511.42,Thursday,20230119,387,499.5,11.92,4
388_20230120__455x3,,,S,0,0,0,0,455,3,,483.21,Friday,20230120,388,497.485,-14.275,5
389_20230121__455x3,,,S,0,0,0,0,455,3,,483.21,Saturday,20230121,389,496.5542857,-13.34428571,6
390_20230122__455x1,,,S,1,0,0,0,455,1,,455,Sunday,20230122,390,492.5242857,-37.52428571,7
391_20230123__455x3,,,S,0,0,0,0,455,3,,483.21,Monday,20230123,391,487.175,-3.965,1
392_20230124__475x3,,,S,0,0,0,0,475,3,,504.45,Tuesday,20230124,392,489.2785714,15.17142857,2
393_20230125__455x1,,,S,0,0,0,0,455,1,,455,Wednesday,20230125,393,482.2142857,-27.21428571,3
394_20230126__455x1,,,M,0,0,0,0,455,1,,455,Thursday,20230126,394,474.1542857,-19.15428571,4
395_20230127__455x1,,,S,0,0,0,0,455,1,,455,Friday,20230127,395,470.1242857,-15.12428571,5
396_20230128__545x2,,,M,0,0,0,0,545,2,,561.895,Saturday,20230128,396,481.365,80.53,6
397_20230129__455x2,,,S,0,0,0,0,455,2,,469.105,Sunday,20230129,397,483.38,-14.275,7
398_20230130__475x2,,,S,0,0,0,0,475,2,,489.725,Monday,20230130,398,484.3107143,5.414285714,1
399_20230131__475x2,,,S,0,0,0,0,475,2,,489.725,Tuesday,20230131,399,482.2071429,7.517857143,2
400_20230201__455x4,,,S,0,0,0,0,455,4,,497.315,Wednesday,20230201,400,488.2521429,9.062857143,3
401_20230202__455x1,,,S,0,0,0,0,455,1,,455,Thursday,20230202,401,488.2521429,-33.25214286,4
402_20230203__455x2,,,S,0,0,0,0,455,2,,469.105,Friday,20230203,402,490.2671429,-21.16214286,5
403_20230204__455x1,,,S,0,0,0,0,455,1,,455,Saturday,20230204,403,474.9964286,-19.99642857,6
404_20230205__455x1,,,S,0,0,0,0,455,1,,455,Sunday,20230205,404,472.9814286,-17.98142857,7
405_20230206__455x1,,,M,0,0,0,0,455,1,,455,Monday,20230206,405,468.0207143,-13.02071429,1
406_20230207__455x1,,,S,0,0,0,0,455,1,,455,Tuesday,20230207,406,463.06,-8.06,2
407_20230208__505x2,,,M,0,0,0,0,505,2,,520.655,Wednesday,20230208,407,466.3942857,54.26071429,3
408_20230209__455x1,,,S,0,0,0,0,455,1,,455,Thursday,20230209,408,466.3942857,-11.39428571,4
409_20230210__505x1,,,S,0,1,0,0,505,1,,505,Friday,20230210,409,471.5221429,33.47785714,5
410_20230211__505x2,,,S,0,1,0,0,505,2,,520.655,Saturday,20230211,410,480.9014286,39.75357143,6
411_20230212__455x1,,,S,0,0,0,0,455,1,,455,Sunday,20230212,411,480.9014286,-25.90142857,7
412_20230213__475x2,,,M,0,0,0,0,475,2,,489.725,Monday,20230213,412,485.8621429,3.862857143,1
413_20230214__505x1,,,M,0,0,0,1,505,1,,505,Tuesday,20230214,413,493.005,11.995,2
414_20230215__475x1,,,S,0,0,0,0,475,1,,475,Wednesday,20230215,414,486.4828571,-11.48285714,3
415_20230216__495x2,,,S,0,1,0,0,495,2,,510.345,Thursday,20230216,415,494.3892857,15.95571429,4
416_20230217__475x2,,,S,0,0,0,0,475,2,,489.725,Friday,20230217,416,492.2071429,-2.482142857,5
417_20230218__525x2,,,M,0,0,0,0,525,2,,541.275,Saturday,20230218,417,495.1528571,46.12214286,6
418_20230219__515x1,,,M,0,0,0,0,515,1,,515,Sunday,20230219,418,503.7242857,11.27571429,7
419_20230220__475x3,,,S,0,0,0,0,475,3,,504.45,Monday,20230220,419,505.8278571,-1.377857143,1
420_20230221__455x4,,,S,0,1,0,0,455,4,,497.315,Tuesday,20230221,420,504.73,-7.415,2
421_20230222__475x1,,,M,0,0,0,0,475,1,,475,Wednesday,20230222,421,504.73,-29.73,3
422_20230223__475x1,,,S,0,0,0,0,475,1,,475,Thursday,20230223,422,499.6807143,-24.68071429,4
423_20230224__475x2,,,M,0,0,0,0,475,2,,489.725,Friday,20230224,423,499.6807143,-9.955714286,5
424_20230225__475x2,,,M,0,0,1,0,475,2,,489.725,Saturday,20230225,424,492.3164286,-2.591428571,6
425_20230226__475x2,,,S,0,0,0,0,475,2,,489.725,Sunday,20230226,425,488.7057143,1.019285714,7
426_20230227__475x1,,,S,0,0,0,0,475,1,,475,Monday,20230227,426,484.4985714,-9.498571429,1
427_20230228__505x2,,,S,0,1,0,0,505,2,,520.655,Tuesday,20230228,427,487.8328571,32.82214286,2
428_20230301__475x1,,,M,0,0,0,0,475,1,,475,Wednesday,20230301,428,487.8328571,-12.83285714,3
429_20230302__475x4,,,S,0,1,0,0,475,4,,519.175,Thursday,20230302,429,494.1435714,25.03142857,4
430_20230303__475x1,,,M,0,0,0,0,475,1,,475,Friday,20230303,430,492.04,-17.04,5
431_20230304__475x1,,,M,0,0,0,0,475,1,,475,Saturday,20230304,431,489.9364286,-14.93642857,6
432_20230305__455x3,,,S,0,0,0,0,455,3,,483.21,Sunday,20230305,432,489.0057143,-5.795714286,7
433_20230306__455x2,,,S,0,1,0,0,455,2,,469.105,Monday,20230306,433,488.1635714,-19.05857143,1
434_20230307__455x2,,,S,0,1,0,0,455,2,,469.105,Tuesday,20230307,434,480.7992857,-11.69428571,2
435_20230308__455x1,,,S,0,0,0,0,455,1,,455,Wednesday,20230308,435,477.9421429,-22.94214286,3
436_20230309__505x1,,,S,0,1,0,0,505,1,,505,Thursday,20230309,436,475.9171429,29.08285714,4
437_20230310__475x2,,,M,0,0,0,0,475,2,,489.725,Friday,20230310,437,478.0207143,11.70428571,5
438_20230311__455x3,,,S,0,0,0,0,455,3,,483.21,Saturday,20230311,438,479.1935714,4.016428571,6
439_20230312__555x1,,,M,0,0,0,0,555,1,,555,Sunday,20230312,439,489.4492857,65.55071429,7
440_20230313__455x4,,,S,0,1,0,0,455,4,,497.315,Monday,20230313,440,493.4792857,3.835714286,1
441_20230314__475x1,,,M,0,0,0,0,475,1,,475,Tuesday,20230314,441,494.3214286,-19.32142857,2
442_20230315__475x1,,,M,0,0,0,0,475,1,,475,Wednesday,20230315,442,497.1785714,-22.17857143,3
443_20230316__455x4,,,S,0,1,0,0,455,4,,497.315,Thursday,20230316,443,496.0807143,1.234285714,4
444_20230317__475x1,,,M,0,0,0,0,475,1,,475,Friday,20230317,444,493.9771429,-18.97714286,5
445_20230318__475x1,,,M,0,0,0,0,475,1,,475,Saturday,20230318,445,492.8042857,-17.80428571,6
446_20230319__475x1,,,M,0,0,0,0,475,1,,475,Sunday,20230319,446,481.3757143,-6.375714286,7
447_20230320__455x2,,,S,0,1,0,0,455,2,,469.105,Monday,20230320,447,477.3457143,-8.240714286,1
448_20230321__455x2,,,M,0,0,0,0,455,2,,469.105,Tuesday,20230321,448,476.5035714,-7.398571429,2
449_20230322__455x2,,,M,0,0,0,0,455,2,,469.105,Wednesday,20230322,449,475.6614286,-6.556428571,3
450_20230323__455x4,,,S,0,1,0,0,455,4,,497.315,Thursday,20230323,450,475.6614286,21.65357143,4
451_20230324__455x3,,,M,0,1,0,0,455,3,,483.21,Friday,20230324,451,476.8342857,6.375714286,5
452_20230325__455x3,,,M,0,0,0,0,455,3,,483.21,Saturday,20230325,452,478.0071429,5.202857143,6
453_20230326__505x1,,,M,0,0,0,0,505,1,,505,Sunday,20230326,453,482.2928571,22.70714286,7
454_20230327__455x3,,,M,0,1,0,0,455,3,,483.21,Monday,20230327,454,484.3078571,-1.097857143,1
455_20230328__455x2,,,M,0,0,0,0,455,2,,469.105,Tuesday,20230328,455,484.3078571,-15.20285714,2
456_20230329__455x2,,,M,0,0,0,0,455,2,,469.105,Wednesday,20230329,456,484.3078571,-15.20285714,3
457_20230330__505x2,,,M,0,0,0,0,505,2,,520.655,Thursday,20230330,457,487.6421429,33.01285714,4
458_20230331__445x1,,,M,0,0,0,0,445,1,,445,Friday,20230331,458,482.1835714,-37.18357143,5
459_20230401__485x3,,,M,0,0,0,0,485,3,,515.07,Saturday,20230401,459,486.735,28.335,6
460_20230402__455x1,,,M,0,0,0,0,455,1,,455,Sunday,20230402,460,479.5921429,-24.59214286,7
461_20230403__425x3,,,M,0,0,0,0,425,3,,451.35,Monday,20230403,461,475.0407143,-23.69071429,1
462_20230404__405x2,,,M,0,0,0,0,405,2,,417.555,Tuesday,20230404,462,467.6764286,-50.12142857,2
463_20230405__405x1,,,DO,0,0,0,0,405,1,,405,Wednesday,20230405,463,458.5185714,-53.51857143,3
464_20230406__405x1,,,S,0,0,0,0,405,1,,405,Thursday,20230406,464,441.9964286,-36.99642857,4
465_20230407__415x2,,,M,0,0,0,0,415,2,,427.865,Friday,20230407,465,439.5485714,-11.68357143,5
466_20230408__405x1,,,M,1,0,0,0,405,1,,405,Saturday,20230408,466,423.8242857,-18.82428571,6
467_20230409__415x3,,,M,0,0,0,0,415,3,,440.73,Sunday,20230409,467,421.7857143,18.94428571,7
468_20230410__455x3,,,M,0,0,0,0,455,3,,483.21,Monday,20230410,468,426.3371429,56.87285714,1
469_20230411__425x2,,,S,0,0,0,0,425,2,,438.175,Tuesday,20230411,469,429.2828571,8.892142857,2
470_20230412__475x1,,,M,0,0,0,0,475,1,,475,Wednesday,20230412,470,439.2828571,35.71714286,3
471_20230413__405x1,,,M,1,0,0,0,405,1,,405,Thursday,20230413,471,439.2828571,-34.28285714,4
472_20230414__455x3,,,,,,,I forget how many repts,455,3,,483.21,Friday,20230414,472,447.1892857,36.02071429,5
473_20230415__425x2,,,,,,,,425,2,,438.175,Saturday,20230415,473,451.9285714,-13.75357143,6
474_20230416__415x3,,,S,0,0,0,0,415,3,,440.73,Sunday,20230416,474,451.9285714,-11.19857143,7
475_20230417__415x3,,,S,0,0,0,0,415,3,,440.73,Monday,20230417,475,445.86,-5.13,1
476_20230418__415x2,,,M,0,0,0,0,415,2,,427.865,Tuesday,20230418,476,444.3871429,-16.52214286,2
477_20230419__475x2,,,M,0,1,0,0,475,2,,489.725,Wednesday,20230419,477,446.4907143,43.23428571,3
478_20230420__415x1,,,M,1,0,0,0,415,1,,415,Thursday,20230420,478,447.9192857,-32.91928571,4
479_20230421__405x2,,,DO,0,1,0,0,405,2,,417.555,Friday,20230421,479,438.54,-20.985,5
480_20230422__415x3,,,S,0,0,0,0,415,3,,440.73,Saturday,20230422,480,438.905,1.825,6
481_20230423__415x2,,,M,1,0,0,0,415,2,,427.865,Sunday,20230423,481,437.0671429,-9.202142857,7
482_20230424__425x1,,,M,1,0,0,0,425,1,,425,Monday,20230424,482,434.82,-9.82,1
483_20230425__425x1,,,M,0,0,0,0,425,1,,425,Tuesday,20230425,483,434.4107143,-9.410714286,2
484_20230426__535x1,,,M,0,0,0,0,535,1,,535,Wednesday,20230426,484,440.8785714,94.12142857,3
485_20230427__415x1,,,S,1,0,0,0,415,1,,415,Thursday,20230427,485,440.8785714,-25.87857143,4
486_20230428__415x1,,,S,1,0,0,0,415,1,,415,Friday,20230428,486,440.5135714,-25.51357143,5
487_20230429__485x1,,,M,0,0,0,0,485,1,,485,Saturday,20230429,487,446.8378571,38.16214286,6
488_20230430__405x1,,,M,0,0,0,0,405,1,,405,Sunday,20230430,488,443.5714286,-38.57142857,7
489_20230501__405x1,,,S,1,0,0,0,405,1,,405,Monday,20230501,489,440.7142857,-35.71428571,1
490_20230502__405x1,,,M,1,0,0,0,405,1,,405,Tuesday,20230502,490,437.8571429,-32.85714286,2
491_20230503__405x1,,,S,1,0,0,0,405,1,,405,Wednesday,20230503,491,419.2857143,-14.28571429,3
492_20230504__405x1,,,M,1,0,0,0,405,1,,405,Thursday,20230504,492,417.8571429,-12.85714286,4
493_20230505__415x1,,,M,1,0,0,0,415,1,,415,Friday,20230505,493,417.8571429,-2.857142857,5
494_20230506__540x1,,,M,0,0,0,0,540,1,,540,Saturday,20230506,494,425.7142857,114.2857143,6
495_20230507__405x1,,,M,1,0,0,0,405,1,,405,Sunday,20230507,495,425.7142857,-20.71428571,7
496_20230508_0926_405x1,,"3x10 strict/push press (5 strict, 5 push) at 135",DO,1,1,0,0,405,1,926,405,Monday,20230508,496,425.7142857,-20.71428571,1
497_20230509_1318_405x1,,,M,1,0,0,0,405,1,1318,405,Tuesday,20230509,497,425.7142857,-20.71428571,2
498_20230510_1917_405x1,,,M,1,0,0,0,405,1,1917,405,Wednesday,20230510,498,425.7142857,-20.71428571,3
499_20230511_1805_405x1,,,M,1,0,0,0,405,1,1805,405,Thursday,20230511,499,425.7142857,-20.71428571,4
500_20230512_1406_405x1,,,M,1,0,0,0,405,1,1406,405,Friday,20230512,500,424.2857143,-19.28571429,5
501_20230513_1347_405x1,,,M,1,0,0,0,405,1,1347,405,Saturday,20230513,501,405,0,6
502_20230514_1518_405x1,,,M,1,0,0,0,405,1,1518,405,Sunday,20230514,502,405,0,7
503_20230515_0702_405x1,,REALTIME 545 AM,M,1,0,0,0,405,1,702,405,Monday,20230515,503,405,0,1
504_20230516_1459_405x1,,,M,0,0,0,0,405,1,1459,405,Tuesday,20230516,504,405,0,2
505_20230517_1459_405x1,,,M,1,0,0,0,405,1,1459,405,Wednesday,20230517,505,405,0,3
506_20230518_1210_405x1,,,M,1,1,0,0,405,1,1210,405,Thursday,20230518,506,405,0,4
507_20230519_1634_405x1,,,M,1,0,0,0,405,1,1634,405,Friday,20230519,507,405,0,5
508_20230520_1822_405x1,,,DO,1,0,0,0,405,1,1822,405,Saturday,20230520,508,405,0,6
509_20230521_1817_405x3,,,M,1,0,0,0,405,3,1817,430.11,Sunday,20230521,509,408.5871429,21.52285714,7
510_20230522_1231_425x1,,,M,1,1,0,0,425,1,1231,425,Monday,20230522,510,411.4442857,13.55571429,1
511_20230523_2059_405x1,,,M,1,0,0,1,405,1,2059,405,Tuesday,20230523,511,411.4442857,-6.444285714,2
512_20230524_1218_415x1,,,DO,0,0,0,0,415,1,1218,415,Wednesday,20230524,512,412.8728571,2.127142857,3
513_20230525__405x1,,,M,1,0,0,0,405,1,,405,Thursday,20230525,513,412.8728571,-7.872857143,4
514_20230526__x,,,,,,,,,,,,Friday,20230526,514,,,5
515_20230527__x,,,,,,,,,,,,Saturday,20230527,515,,,6
516_20230528__x,,,,,,,,,,,,Sunday,20230528,516,,,7
517_20230529__x,,,,,,,,,,,,Monday,20230529,517,,,1
518_20230530__415x1,,,M,0,1,0,0,415,1,,415,Tuesday,20230530,518,411.6666667,3.333333333,2
519_20230531__405x1,,"After running home, tired AF",M,0,0,0,0,405,1,,405,Wednesday,20230531,519,408.3333333,-3.333333333,3
520_20230601__405x1,,,M,0,1,0,1,405,1,,405,Thursday,20230601,520,408.3333333,-3.333333333,4
521_20230602__415x1,,,M,1,1,0,0,415,1,,415,Friday,20230602,521,410,5,5
522_20230603__405x1,,Didn't record the first tiem so had to do it twice,M,1,0,0,1,405,1,,405,Saturday,20230603,522,409,-4,6
523_20230604__405x5,,"Did after squatting, am tired",S,0,0,0,0,405,5,,455.22,Sunday,20230604,523,416.7033333,38.51666667,7
524_20230605__x,,,,,,,,,,,,Monday,20230605,524,,,1
525_20230606__405x5,,,S,0,1,0,0,405,5,,455.22,Tuesday,20230606,525,423.4066667,31.81333333,2
526_20230607__405x1,,"Did at 5:45:15 AM, new record",M,0,0,0,0,405,1,,405,Wednesday,20230607,526,423.4066667,-18.40666667,3
527_20230608__x,,,,,,,,,,,,Thursday,20230608,527,,,4
528_20230609__415x1,,,S,,,,,415,1,,415,Friday,20230609,528,427.088,-12.088,5
529_20230610__405x2,,,M,0,0,0,0,405,2,,417.555,Saturday,20230610,529,429.599,-12.044,6
530_20230611__x,,,,,,,,,,,,Sunday,20230611,530,,,7
531_20230612__x,,,,,,,,,,,,Monday,20230612,531,,,1
532_20230613__x,,,,,,,,,,,,Tuesday,20230613,532,,,2
533_20230614__x,,,,,,,,,,,,Wednesday,20230614,533,,,3
534_20230615__x,,,,,,,,,,,,Thursday,20230615,534,,,4
535_20230616__x,,,,,,,,,,,,Friday,20230616,535,,,5
536_20230617__x,,,,,,,,,,,,Saturday,20230617,536,,,6
537_20230618__x,,,,,,,,,,,,Sunday,20230618,537,,,7
538_20230619__x,,,,,,,,,,,,Monday,20230619,538,,,1
539_20230620__x,,,,,,,,,,,,Tuesday,20230620,539,,,2
540_20230621__405x1,,did after running 5.5 miles,S,0,0,0,0,405,1,,405,Wednesday,20230621,540,405,0,3
541_20230622__475x1,,,M,1,0,0,0,475,1,,475,Thursday,20230622,541,440,35,4
542_20230623__405x2,,,M,1,0,0,0,405,2,,417.555,Friday,20230623,542,432.5183333,-14.96333333,5
543_20230624__405x2,,,M,1,1,0,0,405,2,,417.555,Saturday,20230624,543,428.7775,-11.2225,6
544_20230625__425x5,,,S,0,0,0,0,425,5,,477.7,Sunday,20230625,544,438.562,39.138,7
545_20230626__425x1,,,M,1,0,0,0,425,1,,425,Monday,20230626,545,436.3016667,-11.30166667,1
546_20230627__425x5,,,S,0,0,0,0,425,5,,477.7,Tuesday,20230627,546,442.2157143,35.48428571,2
547_20230628__435x2,,,M,1,1,0,0,435,2,,448.485,Wednesday,20230628,547,448.4278571,0.057142857,3
548_20230629__425x1,,,M,1,1,0,0,425,1,,425,Thursday,20230629,548,441.285,-16.285,4
549_20230630__425x1,,,M,1,1,0,0,425,1,,425,Friday,20230630,549,442.3485714,-17.34857143,5
550_20230701__425x1,,,M,1,0,0,0,425,1,,425,Saturday,20230701,550,443.4121429,-18.41214286,6
551_20230702__425x3,,,M,0,0,0,0,425,3,,451.35,Sunday,20230702,551,439.6478571,11.70214286,7
552_20230703__425x4,,,S,0,0,0,0,425,4,,464.525,Monday,20230703,552,445.2942857,19.23071429,1
553_20230704__505x3,,,S,0,0,0,0,505,3,,536.31,Tuesday,20230704,553,453.6671429,82.64285714,2
554_20230705__x,,,,,,,,,,,,Wednesday,20230705,554,,,3
555_20230706__x,,,,,,,,,,,,Thursday,20230706,555,,,4
556_20230707_0423_405x1,,earliest deadlift day so far!!!,M,0,0,0,0,405,1,423,405,Friday,20230707,556,456.437,-51.437,5
557_20230708__405x2,,,M,0,0,0,0,405,2,,417.555,Saturday,20230708,557,454.948,-37.393,6
558_20230709__x,,,,,,,,,,,,Sunday,20230709,558,,,7
559_20230710__x,,,,,,,,,,,,Monday,20230710,559,,,1
560_20230711__x,,,,,,,,,,,,Tuesday,20230711,560,,,2
561_20230712__x,,,,,,,,,,,,Wednesday,20230712,561,,,3
562_20230713__x,,,,,,,,,,,,Thursday,20230713,562,,,4
563_20230714__405x10,,,S,1,0,0,0,405,10,,517.995,Friday,20230714,563,467.775,50.22,5
564_20230715__x,,,,,,,,,,,,Saturday,20230715,564,,,6
565_20230716__x,,,,,,,,,,,,Sunday,20230716,565,,,7
566_20230717__x,,,,,,,,,,,,Monday,20230717,566,,,1
567_20230718__x,,,,,,,,,,,,Tuesday,20230718,567,,,2
568_20230719__x,,,,,,,,,,,,Wednesday,20230719,568,,,3
569_20230720__x,,,,,,,,,,,,Thursday,20230720,569,,,4
570_20230721__x,,,,,,,,,,,,Friday,20230721,570,,,5
571_20230722__x,,,,,,,,,,,,Saturday,20230722,571,,,6
572_20230723__x,,,,,,,,,,,,Sunday,20230723,572,,,7
573_20230724__x,,,,,,,,,,,,Monday,20230724,573,,,1
574_20230725__415x1,,,,,,,,415,1,,415,Tuesday,20230725,574,415,0,2
575_20230726__x,,,,,,,,,,,,Wednesday,20230726,575,,,3
576_20230727__x,,,,,,,,,,,,Thursday,20230727,576,,,4
577_20230728__x,,,,,,,,,,,,Friday,20230728,577,,,5
578_20230729__x,,,,,,,,,,,,Saturday,20230729,578,,,6
579_20230730__x,,,,,,,,,,,,Sunday,20230730,579,,,7
580_20230731__x,,,,,,,,,,,,Monday,20230731,580,,,1
581_20230801__x,,,,,,,,,,,,Tuesday,20230801,581,,,2
582_20230802__x,,,,,,,,,,,,Wednesday,20230802,582,,,3
583_20230803__x,,,,,,,,,,,,Thursday,20230803,583,,,4
584_20230804__x,,,,,,,,,,,,Friday,20230804,584,,,5
585_20230805__x,,,,,,,,,,,,Saturday,20230805,585,,,6
586_20230806__x,,,,,,,,,,,,Sunday,20230806,586,,,7
587_20230807__x,,,,,,,,,,,,Monday,20230807,587,,,1
588_20230808__x,,,,,,,,,,,,Tuesday,20230808,588,,,2
589_20230809__x,,,,,,,,,,,,Wednesday,20230809,589,,,3
590_20230810__x,,,,,,,,,,,,Thursday,20230810,590,,,4
591_20230811__x,,,,,,,,,,,,Friday,20230811,591,,,5
592_20230812__x,,,,,,,,,,,,Saturday,20230812,592,,,6
593_20230813__x,,,,,,,,,,,,Sunday,20230813,593,,,7
594_20230814__x,,,,,,,,,,,,Monday,20230814,594,,,1
595_20230815__x,,,,,,,,,,,,Tuesday,20230815,595,,,2
596_20230816__x,,,,,,,,,,,,Wednesday,20230816,596,,,3
597_20230817__x,,,,,,,,,,,,Thursday,20230817,597,,,4
598_20230818__x,,,,,,,,,,,,Friday,20230818,598,,,5
599_20230819__x,,,,,,,,,,,,Saturday,20230819,599,,,6
600_20230820__x,,,,,,,,,,,,Sunday,20230820,600,,,7
601_20230821__x,,,,,,,,,,,,Monday,20230821,601,,,1
602_20230822__x,,,,,,,,,,,,Tuesday,20230822,602,,,2
603_20230823__x,,,,,,,,,,,,Wednesday,20230823,603,,,3
604_20230824__x,,,,,,,,,,,,Thursday,20230824,604,,,4
605_20230825__x,,,,,,,,,,,,Friday,20230825,605,,,5
606_20230826__x,,,,,,,,,,,,Saturday,20230826,606,,,6
607_20230827__x,,,,,,,,,,,,Sunday,20230827,607,,,7
608_20230828__x,,,,,,,,,,,,Monday,20230828,608,,,1
609_20230829__x,,,,,,,,,,,,Tuesday,20230829,609,,,2
610_20230830__x,,,,,,,,,,,,Wednesday,20230830,610,,,3
611_20230831__x,,,,,,,,,,,,Thursday,20230831,611,,,4
612_20230901__x,,,,,,,,,,,,Friday,20230901,612,,,5
613_20230902__x,,,,,,,,,,,,Saturday,20230902,613,,,6
614_20230903__x,,,,,,,,,,,,Sunday,20230903,614,,,7
615_20230904__x,,,,,,,,,,,,Monday,20230904,615,,,1
616_20230905__x,,,,,,,,,,,,Tuesday,20230905,616,,,2
617_20230906__x,,,,,,,,,,,,Wednesday,20230906,617,,,3
618_20230907__x,,,,,,,,,,,,Thursday,20230907,618,,,4
619_20230908__x,,,,,,,,,,,,Friday,20230908,619,,,5
620_20230909__x,,,,,,,,,,,,Saturday,20230909,620,,,6
621_20230910__x,,,,,,,,,,,,Sunday,20230910,621,,,7
622_20230911__x,,,,,,,,,,,,Monday,20230911,622,,,1
623_20230912__x,,,,,,,,,,,,Tuesday,20230912,623,,,2
624_20230913__x,,,,,,,,,,,,Wednesday,20230913,624,,,3
625_20230914__x,,,,,,,,,,,,Thursday,20230914,625,,,4
626_20230915__x,,,,,,,,,,,,Friday,20230915,626,,,5
627_20230916__x,,,,,,,,,,,,Saturday,20230916,627,,,6
628_20230917__x,,,,,,,,,,,,Sunday,20230917,628,,,7
629_20230918__x,,,,,,,,,,,,Monday,20230918,629,,,1
630_20230919__x,,,,,,,,,,,,Tuesday,20230919,630,,,2
631_20230920__x,,,,,,,,,,,,Wednesday,20230920,631,,,3
632_20230921__x,,,,,,,,,,,,Thursday,20230921,632,,,4
633_20230922__x,,,,,,,,,,,,Friday,20230922,633,,,5
634_20230923__x,,,,,,,,,,,,Saturday,20230923,634,,,6
635_20230924__x,,,,,,,,,,,,Sunday,20230924,635,,,7
636_20230925__x,,,,,,,,,,,,Monday,20230925,636,,,1
637_20230926__x,,,,,,,,,,,,Tuesday,20230926,637,,,2
638_20230927__x,,,,,,,,,,,,Wednesday,20230927,638,,,3
639_20230928__x,,,,,,,,,,,,Thursday,20230928,639,,,4
640_20230929__x,,,,,,,,,,,,Friday,20230929,640,,,5
641_20230930__x,,,,,,,,,,,,Saturday,20230930,641,,,6
642_20231001__x,,,,,,,,,,,,Sunday,20231001,642,,,7
643_20231002__x,,,,,,,,,,,,Monday,20231002,643,,,1
644_20231003__x,,,,,,,,,,,,Tuesday,20231003,644,,,2
645_20231004__x,,,,,,,,,,,,Wednesday,20231004,645,,,3
646_20231005__x,,,,,,,,,,,,Thursday,20231005,646,,,4
647_20231006__x,,,,,,,,,,,,Friday,20231006,647,,,5
648_20231007__x,,,,,,,,,,,,Saturday,20231007,648,,,6
649_20231008__x,,,,,,,,,,,,Sunday,20231008,649,,,7
650_20231009__x,,,,,,,,,,,,Monday,20231009,650,,,1
651_20231010__x,,,,,,,,,,,,Tuesday,20231010,651,,,2
652_20231011__x,,,,,,,,,,,,Wednesday,20231011,652,,,3
653_20231012__x,,,,,,,,,,,,Thursday,20231012,653,,,4
654_20231013__x,,,,,,,,,,,,Friday,20231013,654,,,5
655_20231014__x,,,,,,,,,,,,Saturday,20231014,655,,,6
656_20231015__x,,,,,,,,,,,,Sunday,20231015,656,,,7
657_20231016__x,,,,,,,,,,,,Monday,20231016,657,,,1
658_20231017__x,,,,,,,,,,,,Tuesday,20231017,658,,,2
659_20231018__x,,,,,,,,,,,,Wednesday,20231018,659,,,3
660_20231019__x,,,,,,,,,,,,Thursday,20231019,660,,,4
661_20231020__x,,,,,,,,,,,,Friday,20231020,661,,,5
662_20231021__x,,,,,,,,,,,,Saturday,20231021,662,,,6
663_20231022__x,,,,,,,,,,,,Sunday,20231022,663,,,7
664_20231023__x,,,,,,,,,,,,Monday,20231023,664,,,1
665_20231024__x,,,,,,,,,,,,Tuesday,20231024,665,,,2
666_20231025__x,,,,,,,,,,,,Wednesday,20231025,666,,,3
667_20231026__x,,,,,,,,,,,,Thursday,20231026,667,,,4
668_20231027__x,,,,,,,,,,,,Friday,20231027,668,,,5
669_20231028__x,,,,,,,,,,,,Saturday,20231028,669,,,6
670_20231029__x,,,,,,,,,,,,Sunday,20231029,670,,,7
671_20231030__x,,,,,,,,,,,,Monday,20231030,671,,,1
672_20231031__x,,,,,,,,,,,,Tuesday,20231031,672,,,2
673_20231101__x,,,,,,,,,,,,Wednesday,20231101,673,,,3
674_20231102__x,,,,,,,,,,,,Thursday,20231102,674,,,4
675_20231103__x,,,,,,,,,,,,Friday,20231103,675,,,5
676_20231104__x,,,,,,,,,,,,Saturday,20231104,676,,,6
677_20231105__x,,,,,,,,,,,,Sunday,20231105,677,,,7
678_20231106__x,,,,,,,,,,,,Monday,20231106,678,,,1
679_20231107__x,,,,,,,,,,,,Tuesday,20231107,679,,,2
680_20231108__x,,,,,,,,,,,,Wednesday,20231108,680,,,3
681_20231109__x,,,,,,,,,,,,Thursday,20231109,681,,,4
682_20231110__x,,,,,,,,,,,,Friday,20231110,682,,,5
683_20231111__x,,,,,,,,,,,,Saturday,20231111,683,,,6
684_20231112__x,,,,,,,,,,,,Sunday,20231112,684,,,7
685_20231113__x,,,,,,,,,,,,Monday,20231113,685,,,1
686_20231114__x,,,,,,,,,,,,Tuesday,20231114,686,,,2
687_20231115__x,,,,,,,,,,,,Wednesday,20231115,687,,,3
688_20231116__x,,,,,,,,,,,,Thursday,20231116,688,,,4
689_20231117__x,,,,,,,,,,,,Friday,20231117,689,,,5
690_20231118__x,,,,,,,,,,,,Saturday,20231118,690,,,6
691_20231119__x,,,,,,,,,,,,Sunday,20231119,691,,,7
692_20231120__x,,,,,,,,,,,,Monday,20231120,692,,,1
693_20231121__x,,,,,,,,,,,,Tuesday,20231121,693,,,2
694_20231122__x,,,,,,,,,,,,Wednesday,20231122,694,,,3
695_20231123__x,,,,,,,,,,,,Thursday,20231123,695,,,4
696_20231124__x,,,,,,,,,,,,Friday,20231124,696,,,5
697_20231125__x,,,,,,,,,,,,Saturday,20231125,697,,,6
698_20231126__x,,,,,,,,,,,,Sunday,20231126,698,,,7
699_20231127__x,,,,,,,,,,,,Monday,20231127,699,,,1
700_20231128__x,,,,,,,,,,,,Tuesday,20231128,700,,,2
701_20231129__x,,,,,,,,,,,,Wednesday,20231129,701,,,3
702_20231130__x,,,,,,,,,,,,Thursday,20231130,702,,,4
703_20231201__x,,,,,,,,,,,,Friday,20231201,703,,,5
704_20231202__x,,,,,,,,,,,,Saturday,20231202,704,,,6
705_20231203__x,,,,,,,,,,,,Sunday,20231203,705,,,7
706_20231204__x,,,,,,,,,,,,Monday,20231204,706,,,1
707_20231205__x,,,,,,,,,,,,Tuesday,20231205,707,,,2
708_20231206__x,,,,,,,,,,,,Wednesday,20231206,708,,,3
709_20231207__x,,,,,,,,,,,,Thursday,20231207,709,,,4
710_20231208__x,,,,,,,,,,,,Friday,20231208,710,,,5
711_20231209__x,,,,,,,,,,,,Saturday,20231209,711,,,6
712_20231210__x,,,,,,,,,,,,Sunday,20231210,712,,,7
713_20231211__x,,,,,,,,,,,,Monday,20231211,713,,,1
714_20231212__x,,,,,,,,,,,,Tuesday,20231212,714,,,2
715_20231213__x,,,,,,,,,,,,Wednesday,20231213,715,,,3
716_20231214__x,,,,,,,,,,,,Thursday,20231214,716,,,4
717_20231215__x,,,,,,,,,,,,Friday,20231215,717,,,5
718_20231216__x,,,,,,,,,,,,Saturday,20231216,718,,,6
719_20231217__x,,,,,,,,,,,,Sunday,20231217,719,,,7
720_20231218__x,,,,,,,,,,,,Monday,20231218,720,,,1
721_20231219__x,,,,,,,,,,,,Tuesday,20231219,721,,,2
722_20231220__x,,,,,,,,,,,,Wednesday,20231220,722,,,3
723_20231221__x,,,,,,,,,,,,Thursday,20231221,723,,,4
724_20231222__x,DJI,,S,0,1,0,0,505,2,1419,,Friday,20231222,724,,,5
725_20231223__x,,,,,,,,,,,,Saturday,20231223,725,,,6
726_20231224__x,,,,,,,,,,,,Sunday,20231224,726,,,7
727_20231225__x,,,,,,,,,,,,Monday,20231225,727,,,1
728_20231226__x,,,,,,,,,,,,Tuesday,20231226,728,,,2
729_20231227__x,,,,,,,,,,,,Wednesday,20231227,729,,,3
730_20231228__x,,,,,,,,,,,,Thursday,20231228,730,,,4
731_20231229__x,,,,,,,,,,,,Friday,20231229,731,,,5
732_20231230__x,,,,,,,,,,,,Saturday,20231230,732,,,6
733_20231231__x,,,,,,,,,,,,Sunday,20231231,733,,,7
734_20240101__x,,,,,,,,,,,,Monday,20240101,734,,,1
735_20240102__x,,,,,,,,,,,,Tuesday,20240102,735,,,2
736_20240103__x,,,,,,,,,,,,Wednesday,20240103,736,,,3
737_20240104__x,,,,,,,,,,,,Thursday,20240104,737,,,4
738_20240105__x,,,,,,,,,,,,Friday,20240105,738,,,5
739_20240106__x,,,,,,,,,,,,Saturday,20240106,739,,,6
740_20240107__x,,,,,,,,,,,,Sunday,20240107,740,,,7
741_20240108__x,,,,,,,,,,,,Monday,20240108,741,,,1
742_20240109__x,,,,,,,,,,,,Tuesday,20240109,742,,,2
743_20240110__x,DJI,,DO,1,0,0,0,415,5,1943,,Wednesday,20240110,743,,,3
744_20240111__x,DJI,,S,1,0,0,0,415,5,723,,Thursday,20240111,744,,,4
745_20240112__x,DJI,,S,1,0,0,0,415,5,2026,,Friday,20240112,745,,,5
746_20240113__x,DJI,,S,1,0,0,0,415,6,1006,,Saturday,20240113,746,,,6
747_20240114__x,,XXX,,,,,,,,,,Sunday,20240114,747,,,7
748_20240115__x,DJI,,S,1,0,0,0,415,6,1520,,Monday,20240115,748,,,1
749_20240116__x,DJI,,S,1,0,0,0,415,6,718,,Tuesday,20240116,749,,,2
750_20240117__x,DJI,,S,1,0,0,0,415,6,2033,,Wednesday,20240117,750,,,3
751_20240118__x,DJI,,S,1,0,0,0,415,7,1211,,Thursday,20240118,751,,,4
752_20240119__x,DJI,,,,,,,,,,,Friday,20240119,752,,,5
753_20240120__x,DJI,,,,,,,,,,,Saturday,20240120,753,,,6
754_20240121__x,,,,,,,,,,,,Sunday,20240121,754,,,7
755_20240122__x,,,,,,,,,,,,Monday,20240122,755,,,1
756_20240123__x,,,,,,,,,,,,Tuesday,20240123,756,,,2
757_20240124__x,,,,,,,,,,,,Wednesday,20240124,757,,,3
758_20240125__x,,,,,,,,,,,,Thursday,20240125,758,,,4
759_20240126__x,,,,,,,,,,,,Friday,20240126,759,,,5
760_20240127__x,,,,,,,,,,,,Saturday,20240127,760,,,6
761_20240128__x,DJI,,S,1,0,0,0,405,8,1207,,Sunday,20240128,761,,,7
762_20240129__x,,,,,,,,,,,,Monday,20240129,762,,,1
763_20240130__x,,,,,,,,,,,,Tuesday,20240130,763,,,2
764_20240131__x,,,,,,,,,,,,Wednesday,20240131,764,,,3
765_20240201__x,,,,,,,,,,,,Thursday,20240201,765,,,4
766_20240202__x,,,,,,,,,,,,Friday,20240202,766,,,5
767_20240203__x,,,,,,,,,,,,Saturday,20240203,767,,,6
768_20240204__x,,,,,,,,,,,,Sunday,20240204,768,,,7
769_20240205__x,,,,,,,,,,,,Monday,20240205,769,,,1
770_20240206__x,,,,,,,,,,,,Tuesday,20240206,770,,,2
771_20240207__x,,,,,,,,,,,,Wednesday,20240207,771,,,3
772_20240208__x,,,,,,,,,,,,Thursday,20240208,772,,,4
773_20240209__x,,,,,,,,,,,,Friday,20240209,773,,,5
774_20240210__x,,,,,,,,,,,,Saturday,20240210,774,,,6
775_20240211__x,,,,,,,,,,,,Sunday,20240211,775,,,7
776_20240212__x,,,,,,,,,,,,Monday,20240212,776,,,1
777_20240213__x,,,,,,,,,,,,Tuesday,20240213,777,,,2
778_20240214__x,,,,,,,,,,,,Wednesday,20240214,778,,,3
779_20240215__x,,,,,,,,,,,,Thursday,20240215,779,,,4
780_20240216__x,,,,,,,,,,,,Friday,20240216,780,,,5
781_20240217__x,,,,,,,,,,,,Saturday,20240217,781,,,6
782_20240218__x,,,,,,,,,,,,Sunday,20240218,782,,,7
783_20240219__x,DJI,,S,0,0,0,0,405,10,1950,,Monday,20240219,783,,,1
784_20240220__x,,,,,,,,,,,,Tuesday,20240220,784,,,2
785_20240221__x,,,,,,,,,,,,Wednesday,20240221,785,,,3
786_20240222__x,,,,,,,,,,,,Thursday,20240222,786,,,4
787_20240223__x,,,,,,,,,,,,Friday,20240223,787,,,5
788_20240224__x,,,,,,,,,,,,Saturday,20240224,788,,,6
789_20240225__x,,,,,,,,,,,,Sunday,20240225,789,,,7
790_20240226__x,,,,,,,,,,,,Monday,20240226,790,,,1
791_20240227__x,,,,,,,,,,,,Tuesday,20240227,791,,,2
792_20240228__x,,,,,,,,,,,,Wednesday,20240228,792,,,3
793_20240229__x,,,,,,,,,,,,Thursday,20240229,793,,,4
794_20240301__x,,,,,,,,,,,,Friday,20240301,794,,,5
795_20240302__x,,,,,,,,,,,,Saturday,20240302,795,,,6
796_20240303__x,,,,,,,,,,,,Sunday,20240303,796,,,7
797_20240304__x,,,,,,,,,,,,Monday,20240304,797,,,1
798_20240305__x,,,,,,,,,,,,Tuesday,20240305,798,,,2
799_20240306__x,,,,,,,,,,,,Wednesday,20240306,799,,,3
800_20240307__x,,,,,,,,,,,,Thursday,20240307,800,,,4
801_20240308__x,DJI,,S,1,0,0,0,455,1,1638,,Friday,20240308,801,,,5
802_20240309__x,,,,,,,,,,,,Saturday,20240309,802,,,6
803_20240310__x,,,,,,,,,,,,Sunday,20240310,803,,,7
804_20240311__x,,,,,,,,,,,,Monday,20240311,804,,,1
805_20240312__x,,,,,,,,,,,,Tuesday,20240312,805,,,2
806_20240313__x,,,,,,,,,,,,Wednesday,20240313,806,,,3
807_20240314__x,,,,,,,,,,,,Thursday,20240314,807,,,4
808_20240315__x,,,,,,,,,,,,Friday,20240315,808,,,5
809_20240316__x,,,,,,,,,,,,Saturday,20240316,809,,,6
810_20240317__x,,,,,,,,,,,,Sunday,20240317,810,,,7
811_20240318__x,,,,,,,,,,,,Monday,20240318,811,,,1
812_20240319__x,,,,,,,,,,,,Tuesday,20240319,812,,,2
813_20240320__x,,,,,,,,,,,,Wednesday,20240320,813,,,3
814_20240321__x,,,,,,,,,,,,Thursday,20240321,814,,,4
815_20240322__x,,,,,,,,,,,,Friday,20240322,815,,,5
816_20240323__x,,,,,,,,,,,,Saturday,20240323,816,,,6
817_20240324__x,,,,,,,,,,,,Sunday,20240324,817,,,7
818_20240325__x,,,,,,,,,,,,Monday,20240325,818,,,1
819_20240326__x,,,,,,,,,,,,Tuesday,20240326,819,,,2
820_20240327__x,,,,,,,,,,,,Wednesday,20240327,820,,,3
821_20240328__x,,,,,,,,,,,,Thursday,20240328,821,,,4
822_20240329__x,,,,,,,,,,,,Friday,20240329,822,,,5
823_20240330__x,,,,,,,,,,,,Saturday,20240330,823,,,6
824_20240331__x,,,,,,,,,,,,Sunday,20240331,824,,,7
825_20240401__x,,,,,,,,,,,,Monday,20240401,825,,,1
826_20240402__x,,,,,,,,,,,,Tuesday,20240402,826,,,2
827_20240403__x,,,,,,,,,,,,Wednesday,20240403,827,,,3
828_20240404__x,,,,,,,,,,,,Thursday,20240404,828,,,4
829_20240405__x,,,,,,,,,,,,Friday,20240405,829,,,5
830_20240406__x,,,,,,,,,,,,Saturday,20240406,830,,,6
831_20240407__x,,,,,,,,,,,,Sunday,20240407,831,,,7
832_20240408__x,,,,,,,,,,,,Monday,20240408,832,,,1
833_20240409__x,,,,,,,,,,,,Tuesday,20240409,833,,,2
834_20240410__x,,,,,,,,,,,,Wednesday,20240410,834,,,3
835_20240411__x,,,,,,,,,,,,Thursday,20240411,835,,,4
836_20240412__x,,,,,,,,,,,,Friday,20240412,836,,,5
837_20240413__x,,,,,,,,,,,,Saturday,20240413,837,,,6
838_20240414__x,,,,,,,,,,,,Sunday,20240414,838,,,7
839_20240415__x,,,,,,,,,,,,Monday,20240415,839,,,1
840_20240416__x,,,,,,,,,,,,Tuesday,20240416,840,,,2
841_20240417__x,,,,,,,,,,,,Wednesday,20240417,841,,,3
842_20240418__x,,,,,,,,,,,,Thursday,20240418,842,,,4
843_20240419__x,,,,,,,,,,,,Friday,20240419,843,,,5
844_20240420__x,,,,,,,,,,,,Saturday,20240420,844,,,6
845_20240421__x,,,,,,,,,,,,Sunday,20240421,845,,,7
846_20240422__x,,,,,,,,,,,,Monday,20240422,846,,,1
847_20240423__x,,,,,,,,,,,,Tuesday,20240423,847,,,2
848_20240424__x,,,,,,,,,,,,Wednesday,20240424,848,,,3
849_20240425__x,,,,,,,,,,,,Thursday,20240425,849,,,4
850_20240426__x,,,,,,,,,,,,Friday,20240426,850,,,5
851_20240427__x,,,,,,,,,,,,Saturday,20240427,851,,,6
852_20240428__x,,,,,,,,,,,,Sunday,20240428,852,,,7
853_20240429__x,,,,,,,,,,,,Monday,20240429,853,,,1
854_20240430__x,,,,,,,,,,,,Tuesday,20240430,854,,,2
855_20240501__x,,,,,,,,,,,,Wednesday,20240501,855,,,3
856_20240502__x,DJI,,M,1,0,0,0,455,1,526,,Thursday,20240502,856,,,4
857_20240503__x,,,,,,,,,,,,Friday,20240503,857,,,5
858_20240504__x,,,,,,,,,,,,Saturday,20240504,858,,,6
859_20240505__x,,,,,,,,,,,,Sunday,20240505,859,,,7
860_20240506__x,,,,,,,,,,,,Monday,20240506,860,,,1
861_20240507__x,,,,,,,,,,,,Tuesday,20240507,861,,,2
862_20240508__x,,,,,,,,,,,,Wednesday,20240508,862,,,3
863_20240509__x,,,,,,,,,,,,Thursday,20240509,863,,,4
864_20240510__x,,,,,,,,,,,,Friday,20240510,864,,,5
865_20240511__x,,,,,,,,,,,,Saturday,20240511,865,,,6
866_20240512__x,,,,,,,,,,,,Sunday,20240512,866,,,7
867_20240513__x,,,,,,,,,,,,Monday,20240513,867,,,1
868_20240514__x,,,,,,,,,,,,Tuesday,20240514,868,,,2
869_20240515__x,,,,,,,,,,,,Wednesday,20240515,869,,,3
870_20240516__x,,,,,,,,,,,,Thursday,20240516,870,,,4
871_20240517__x,,,,,,,,,,,,Friday,20240517,871,,,5
872_20240518__x,,,,,,,,,,,,Saturday,20240518,872,,,6
873_20240519__x,,,,,,,,,,,,Sunday,20240519,873,,,7
874_20240520__x,,,,,,,,,,,,Monday,20240520,874,,,1
875_20240521__x,,,,,,,,,,,,Tuesday,20240521,875,,,2
876_20240522__x,,,,,,,,,,,,Wednesday,20240522,876,,,3
877_20240523__x,,,,,,,,,,,,Thursday,20240523,877,,,4
878_20240524__x,,,,,,,,,,,,Friday,20240524,878,,,5
879_20240525__x,,,,,,,,,,,,Saturday,20240525,879,,,6
880_20240526__x,,,,,,,,,,,,Sunday,20240526,880,,,7
881_20240527__x,,,,,,,,,,,,Monday,20240527,881,,,1
882_20240528__x,,,,,,,,,,,,Tuesday,20240528,882,,,2
883_20240529__x,,,,,,,,,,,,Wednesday,20240529,883,,,3
884_20240530__x,,,,,,,,,,,,Thursday,20240530,884,,,4
885_20240531__x,,,,,,,,,,,,Friday,20240531,885,,,5
886_20240601__x,,,,,,,,,,,,Saturday,20240601,886,,,6
887_20240602__x,,,,,,,,,,,,Sunday,20240602,887,,,7
888_20240603__x,,,,,,,,,,,,Monday,20240603,888,,,1
889_20240604__x,,,,,,,,,,,,Tuesday,20240604,889,,,2
890_20240605__x,,,,,,,,,,,,Wednesday,20240605,890,,,3
891_20240606__x,,,,,,,,,,,,Thursday,20240606,891,,,4
892_20240607__x,,,,,,,,,,,,Friday,20240607,892,,,5
893_20240608__x,,,,,,,,,,,,Saturday,20240608,893,,,6
894_20240609__x,,,,,,,,,,,,Sunday,20240609,894,,,7
895_20240610__x,,,,,,,,,,,,Monday,20240610,895,,,1
896_20240611__x,,,,,,,,,,,,Tuesday,20240611,896,,,2
897_20240612__x,,,,,,,,,,,,Wednesday,20240612,897,,,3
898_20240613__x,,,,,,,,,,,,Thursday,20240613,898,,,4
899_20240614__x,,,,,,,,,,,,Friday,20240614,899,,,5
900_20240615__x,,,,,,,,,,,,Saturday,20240615,900,,,6
901_20240616__x,,,,,,,,,,,,Sunday,20240616,901,,,7
902_20240617__x,,,,,,,,,,,,Monday,20240617,902,,,1
903_20240618__x,,,,,,,,,,,,Tuesday,20240618,903,,,2
904_20240619__x,,,,,,,,,,,,Wednesday,20240619,904,,,3
905_20240620__x,,,,,,,,,,,,Thursday,20240620,905,,,4
906_20240621__x,,,,,,,,,,,,Friday,20240621,906,,,5
907_20240622__x,,,,,,,,,,,,Saturday,20240622,907,,,6
908_20240623__x,,,,,,,,,,,,Sunday,20240623,908,,,7
909_20240624__x,,,,,,,,,,,,Monday,20240624,909,,,1
910_20240625__x,,,,,,,,,,,,Tuesday,20240625,910,,,2
911_20240626__x,,,,,,,,,,,,Wednesday,20240626,911,,,3
912_20240627__x,,,,,,,,,,,,Thursday,20240627,912,,,4
913_20240628__x,,,,,,,,,,,,Friday,20240628,913,,,5
914_20240629__x,,,,,,,,,,,,Saturday,20240629,914,,,6
915_20240630__x,,,,,,,,,,,,Sunday,20240630,915,,,7
916_20240701__x,,,,,,,,,,,,Monday,20240701,916,,,1
917_20240702__x,,,,,,,,,,,,Tuesday,20240702,917,,,2
918_20240703__x,,,,,,,,,,,,Wednesday,20240703,918,,,3
919_20240704__x,,,,,,,,,,,,Thursday,20240704,919,,,4
920_20240705__x,,,,,,,,,,,,Friday,20240705,920,,,5
921_20240706__x,,,,,,,,,,,,Saturday,20240706,921,,,6
922_20240707__x,,,,,,,,,,,,Sunday,20240707,922,,,7
923_20240708__x,,,,,,,,,,,,Monday,20240708,923,,,1
924_20240709__x,,,,,,,,,,,,Tuesday,20240709,924,,,2
925_20240710__x,,,,,,,,,,,,Wednesday,20240710,925,,,3
926_20240711__x,,,,,,,,,,,,Thursday,20240711,926,,,4
927_20240712__x,,,,,,,,,,,,Friday,20240712,927,,,5
928_20240713__x,,,,,,,,,,,,Saturday,20240713,928,,,6
929_20240714__x,,,,,,,,,,,,Sunday,20240714,929,,,7
930_20240715__x,,,,,,,,,,,,Monday,20240715,930,,,1
931_20240716__x,,,,,,,,,,,,Tuesday,20240716,931,,,2
932_20240717__x,,,,,,,,,,,,Wednesday,20240717,932,,,3
933_20240718__x,,,,,,,,,,,,Thursday,20240718,933,,,4
934_20240719__x,,,,,,,,,,,,Friday,20240719,934,,,5
935_20240720__x,,,,,,,,,,,,Saturday,20240720,935,,,6
936_20240721__x,,,,,,,,,,,,Sunday,20240721,936,,,7
937_20240722__x,,,,,,,,,,,,Monday,20240722,937,,,1
938_20240723__x,,,,,,,,,,,,Tuesday,20240723,938,,,2
939_20240724__x,,,,,,,,,,,,Wednesday,20240724,939,,,3
940_20240725__x,,,,,,,,,,,,Thursday,20240725,940,,,4
941_20240726__x,,,,,,,,,,,,Friday,20240726,941,,,5
942_20240727__x,,,,,,,,,,,,Saturday,20240727,942,,,6
943_20240728__x,,,,,,,,,,,,Sunday,20240728,943,,,7
944_20240729__x,,,,,,,,,,,,Monday,20240729,944,,,1
945_20240730__x,,,,,,,,,,,,Tuesday,20240730,945,,,2
946_20240731__x,,,,,,,,,,,,Wednesday,20240731,946,,,3
947_20240801__x,Phone,"watch this one, possum in",M,1,0,0,0,405,1,1544,,Thursday,20240801,947,,,4
948_20240802__x,,,S,1,0,0,1,405,1,1334,,Friday,20240802,948,,,5
949_20240803__x,,,S,1,0,0,0,405,1,1241,,Saturday,20240803,949,,,6
950_20240804__x,,,S,1,0,0,0,405,1,1434,,Sunday,20240804,950,,,7
951_20240805__x,,,M,1,0,0,1,405,1,1920,,Monday,20240805,951,,,1
952_20240806__x,,,M,1,0,0,0,405,1,1632,,Tuesday,20240806,952,,,2
953_20240807__x,,,,,,,,,,,,Wednesday,20240807,953,,,3
954_20240808__x,,,,,,,,,,,,Thursday,20240808,954,,,4
955_20240809__x,,,,,,,,,,,,Friday,20240809,955,,,5
956_20240810__x,,,,,,,,,,,,Saturday,20240810,956,,,6
957_20240811__x,,,,,,,,,,,,Sunday,20240811,957,,,7
958_20240812__x,,,,,,,,,,,,Monday,20240812,958,,,1
959_20240813__x,,,,,,,,,,,,Tuesday,20240813,959,,,2
960_20240814__x,,,,,,,,,,,,Wednesday,20240814,960,,,3
961_20240815__x,,,,,,,,,,,,Thursday,20240815,961,,,4
962_20240816__x,,,,,,,,,,,,Friday,20240816,962,,,5
963_20240817__x,,,,,,,,,,,,Saturday,20240817,963,,,6
964_20240818__x,,,,,,,,,,,,Sunday,20240818,964,,,7
965_20240819__x,,,,,,,,,,,,Monday,20240819,965,,,1
966_20240820__x,,,,,,,,,,,,Tuesday,20240820,966,,,2
967_20240821__x,,,,,,,,,,,,Wednesday,20240821,967,,,3
968_20240822__x,,,,,,,,,,,,Thursday,20240822,968,,,4
969_20240823__x,,,,,,,,,,,,Friday,20240823,969,,,5
970_20240824__x,,,,,,,,,,,,Saturday,20240824,970,,,6
971_20240825__x,,,,,,,,,,,,Sunday,20240825,971,,,7
972_20240826__x,,,,,,,,,,,,Monday,20240826,972,,,1
973_20240827__x,,,,,,,,,,,,Tuesday,20240827,973,,,2
974_20240828__x,,,,,,,,,,,,Wednesday,20240828,974,,,3
975_20240829__x,,,,,,,,,,,,Thursday,20240829,975,,,4
976_20240830_0345_405x1,,,S,1,0,0,0,405,1,345,405,Friday,20240830,976,405,0,5
977_20240831__x,,,,,,,,,,,,Saturday,20240831,977,,,6
978_20240901__x,,,,,,,,,,,,Sunday,20240901,978,,,7
979_20240902__x,,,,,,,,,,,,Monday,20240902,979,,,1
980_20240903__x,,,,,,,,,,,,Tuesday,20240903,980,,,2
981_20240904__x,,,,,,,,,,,,Wednesday,20240904,981,,,3
982_20240905__x,,,,,,,,,,,,Thursday,20240905,982,,,4
983_20240906__x,,,,,,,,,,,,Friday,20240906,983,,,5
984_20240907__x,phone,Beach Deadlift!,,,,,,,,,,Saturday,20240907,984,,,6
985_20240908__x,phone,,,,,,,,,,,Sunday,20240908,985,,,7
986_20240909_0314_405x1,phone,,S,1,0,1,1,405,1,314,405,Monday,20240909,986,405,0,1
987_20240910__x,phone,,,,,,,,,,,Tuesday,20240910,987,,,2
988_20240911__x,phone,,,,,,,,,,,Wednesday,20240911,988,,,3
989_20240912__x,phone,,,,,,,,,,,Thursday,20240912,989,,,4
990_20240913__x,phone,,,,,,,,,,,Friday,20240913,990,,,5
991_20240914__x,phone,,,,,,,,,,,Saturday,20240914,991,,,6
992_20240915__x,phone,,,,,,,,,,,Sunday,20240915,992,,,7
993_20240916__x,phone,,,,,,,,,,,Monday,20240916,993,,,1
994_20240917__x,phone,,,,,,,,,,,Tuesday,20240917,994,,,2
995_20240918__x,phone,,,,,,,,,,,Wednesday,20240918,995,,,3
996_20240919__x,phone,,,,,,,,,,,Thursday,20240919,996,,,4
997_20240920_0512_405x1,phone,,S,1,0,0,0,405,1,512,405,Friday,20240920,997,405,0,5
998_20240921__x,phone,,,,,,,,,,,Saturday,20240921,998,,,6
999_20240922__x,phone,,,,,,,,,,,Sunday,20240922,999,,,7
1000_20240923__x,phone,Day 1000!,,,,,,,,,,Monday,20240923,1000,,,1
1001_20240924__x,phone,,M,1,0,0,0,405,1,1855,,Tuesday,20240924,1001,,,2
1002_20240925__x,phone,,M,1,0,0,0,405,2,1738,,Wednesday,20240925,1002,,,3
1003_20240926__x,phone,,S,1,0,0,0,405,2,1322,,Thursday,20240926,1003,,,4
1004_20240927__x,phone,Nantucket!,M,1,1,0,0,505,1,1130,,Friday,20240927,1004,,,5
1005_20240928__x,phone,Nantucket!,M,1,1,0,0,455,1,921,,Saturday,20240928,1005,,,6
1006_20240929__x,phone,Nantucket!,M,1,1,0,0,455,1,1147,,Sunday,20240929,1006,,,7
1007_20240930__x,phone,,M,1,0,0,0,405,1,1508,,Monday,20240930,1007,,,1
1008_20241001__x,phone,,S,1,0,0,0,405,2,2014,,Tuesday,20241001,1008,,,2
1009_20241002__x,phone,,S,1,0,0,0,405,2,1701,,Wednesday,20241002,1009,,,3
1010_20241003__x,phone,,S,1,0,0,1,405,3,1450,,Thursday,20241003,1010,,,4
1011_20241004__x,phone,"watch this one, haley pops in",S,1,0,0,0,405,3,1459,,Friday,20241004,1011,,,5
1012_20241005__x,phone,,S,1,0,0,0,405,3,1254,,Saturday,20241005,1012,,,6
1013_20241006__x,phone,,S,1,0,0,0,425,4,1527,,Sunday,20241006,1013,,,7
1014_20241007__x,phone,,S,1,0,0,0,425,4,1926,,Monday,20241007,1014,,,1
1015_20241008__x,phone,,S,1,0,0,0,425,4,1553,,Tuesday,20241008,1015,,,2
1016_20241009__x,phone,,S,1,0,0,0,425,4,2151,,Wednesday,20241009,1016,,,3
1017_20241010__x,phone,,S,1,0,0,0,425,5,1632,,Thursday,20241010,1017,,,4
1018_20241011__x,phone,,S,1,0,0,0,425,5,1621,,Friday,20241011,1018,,,5
1019_20241012__x,phone,,S,1,0,0,0,425,5,1523,,Saturday,20241012,1019,,,6
1020_20241013__x,phone,,S,1,0,0,0,425,5,1257,,Sunday,20241013,1020,,,7
1021_20241014__x,phone,,S,1,0,0,0,425,5,1609,,Monday,20241014,1021,,,1
1022_20241015__x,phone,,S,1,0,0,0,425,5,1313,,Tuesday,20241015,1022,,,2
1023_20241016__x,phone,,S,1,0,0,0,425,6,1638,,Wednesday,20241016,1023,,,3
1024_20241017__x,phone,,S,1,0,0,0,425,6,1353,,Thursday,20241017,1024,,,4
1025_20241018__x,phone,,M,1,0,0,0,425,1,1150,,Friday,20241018,1025,,,5
1026_20241019__x,phone,,S,1,0,0,0,425,1,1411,,Saturday,20241019,1026,,,6
1027_20241020__x,phone,,S,1,0,0,1,425,1,1434,,Sunday,20241020,1027,,,7
1028_20241021__x,phone,,M,1,0,0,1,425,1,1609,,Monday,20241021,1028,,,1
1029_20241022__x,phone,,M,1,0,0,1,425,1,1635,,Tuesday,20241022,1029,,,2
1030_20241023__x,phone,,M,1,0,0,0,425,1,1147,,Wednesday,20241023,1030,,,3
1031_20241024__x,phone,Saco!,S,1,1,0,0,505,1,1208,,Thursday,20241024,1031,,,4
1032_20241025__x,phone,XXX,,,,,,,,,,Friday,20241025,1032,,,5
1033_20241026__x,phone,,S,1,0,0,0,425,1,1619,,Saturday,20241026,1033,,,6
1034_20241027__x,phone,,S,1,0,0,0,425,1,1358,,Sunday,20241027,1034,,,7
1035_20241028__x,phone,,M,1,0,0,0,425,1,1733,,Monday,20241028,1035,,,1
1036_20241029__x,phone,,S,1,0,0,0,425,2,1430,,Tuesday,20241029,1036,,,2
1037_20241030__x,phone,"watch this one, haley pops in",S,1,0,0,0,425,2,2041,,Wednesday,20241030,1037,,,3
1038_20241031__x,phone,,S,1,0,0,0,425,3,1506,,Thursday,20241031,1038,,,4
1039_20241101__x,phone,,S,1,0,0,0,425,3,1753,,Friday,20241101,1039,,,5
1040_20241102__x,phone,,S,1,0,0,0,425,1,1630,,Saturday,20241102,1040,,,6
1041_20241103__x,phone,,,,,,,,,,,Sunday,20241103,1041,,,7
1042_20241104__x,phone,,,,,,,,,,,Monday,20241104,1042,,,1
1043_20241105__x,phone,,,,,,,,,,,Tuesday,20241105,1043,,,2
1044_20241106__x,phone,,,,,,,,,,,Wednesday,20241106,1044,,,3
1045_20241107__x,phone,,,,,,,,,,,Thursday,20241107,1045,,,4
1046_20241108__x,phone,,,,,,,,,,,Friday,20241108,1046,,,5
1047_20241109__x,phone,,,,,,,,,,,Saturday,20241109,1047,,,6
1048_20241110__x,phone,,,,,,,,,,,Sunday,20241110,1048,,,7
1049_20241111__x,phone,,,,,,,,,,,Monday,20241111,1049,,,1
1050_20241112__x,phone,,,,,,,,,,,Tuesday,20241112,1050,,,2
1051_20241113__x,phone,,,,,,,,,,,Wednesday,20241113,1051,,,3
1052_20241114__x,phone,,,,,,,,,,,Thursday,20241114,1052,,,4
1053_20241115__x,phone,,,,,,,,,,,Friday,20241115,1053,,,5
1054_20241116__x,phone,,,,,,,,,,,Saturday,20241116,1054,,,6
1055_20241117__x,phone,,,,,,,,,,,Sunday,20241117,1055,,,7
1056_20241118__x,phone,,,,,,,,,,,Monday,20241118,1056,,,1
1057_20241119__x,phone,,,,,,,,,,,Tuesday,20241119,1057,,,2
1058_20241120__x,phone,,,,,,,,,,,Wednesday,20241120,1058,,,3
1059_20241121__x,phone,,,,,,,,,,,Thursday,20241121,1059,,,4
1060_20241122__x,phone,,,,,,,,,,,Friday,20241122,1060,,,5
1061_20241123__x,phone,,,,,,,,,,,Saturday,20241123,1061,,,6
1062_20241124__x,phone,,,,,,,,,,,Sunday,20241124,1062,,,7
1063_20241125__x,phone,,,,,,,,,,,Monday,20241125,1063,,,1
1064_20241126__x,phone,,,,,,,,,,,Tuesday,20241126,1064,,,2
1065_20241127__x,phone,,,,,,,,,,,Wednesday,20241127,1065,,,3
1066_20241128__x,phone,,,,,,,,,,,Thursday,20241128,1066,,,4
1067_20241129_1315_425x1,phone,,M,1,0,0,0,425,1,1315,425,Friday,20241129,1067,425,0,5
1068_20241130_1356_405x1,phone,,M,1,0,0,0,405,1,1356,405,Saturday,20241130,1068,415,-10,6
1069_20241201_1738_505x1,phone,,S,0,0,0,0,505,1,1738,505,Sunday,20241201,1069,445,60,7
1070_20241202_1543_505x1,phone,,S,0,0,0,0,505,1,1543,505,Monday,20241202,1070,460,45,1
1071_20241203_1804_505x1,phone,,S,0,0,0,0,505,1,1804,505,Tuesday,20241203,1071,469,36,2
1072_20241204_1940_505x1,,Funny video with Haley interrupting,S,0,0,0,0,505,1,1940,505,Wednesday,20241204,1072,475,30,3
1073_20241205_1320_505x1,,,S,0,0,0,0,505,1,1320,505,Thursday,20241205,1073,479.2857143,25.71428571,4
1074_20241206_1146_505x1,,"In Nantucket - Stroll, bad angle",S,0,1,0,0,505,1,1146,505,Friday,20241206,1074,490.7142857,14.28571429,5
1075_20241207_0928_505x1,,"In Nantucket - Stroll, bad angle",S,0,1,0,0,505,1,928,505,Saturday,20241207,1075,505,0,6
1076_20241208_1531_505x1,,,S,0,0,0,0,505,1,1531,505,Sunday,20241208,1076,505,0,7
1077_20241209_1718_505x1,,,S,0,0,0,0,505,1,1718,505,Monday,20241209,1077,505,0,1
1078_20241210_1620_515x1,,,S,0,0,0,0,515,1,1620,515,Tuesday,20241210,1078,506.4285714,8.571428571,2
1079_20241211_1515_515x1,,,S,0,0,0,0,515,1,1515,515,Wednesday,20241211,1079,507.8571429,7.142857143,3
1080_20241212_1758_515x1,,,S,0,0,0,0,515,1,1758,515,Thursday,20241212,1080,509.2857143,5.714285714,4
1081_20241213_1740_515x1,,,S,0,0,0,0,515,1,1740,515,Friday,20241213,1081,510.7142857,4.285714286,5
1082_20241214_1515_515x1,,,S,0,0,0,0,515,1,1515,515,Saturday,20241214,1082,512.1428571,2.857142857,6
1083_20241215_1126_515x1,,,S,0,0,0,0,515,1,1126,515,Sunday,20241215,1083,513.5714286,1.428571429,7
1084_20241216_1738_515x1,,,S,0,0,0,0,515,1,1738,515,Monday,20241216,1084,515,0,1
1085_20241217_2020_515x1,,,S,0,0,0,0,515,1,2020,515,Tuesday,20241217,1085,515,0,2
1086_20241218_1221_515x1,,,S,0,0,0,0,515,1,1221,515,Wednesday,20241218,1086,515,0,3
1087_20241219_1427_515x1,,,S,0,0,0,0,515,1,1427,515,Thursday,20241219,1087,515,0,4
1088_20241220_1105_515x1,,,S,0,0,0,0,515,1,1105,515,Friday,20241220,1088,515,0,5
1089_20241221_1707_515x1,,,S,0,0,0,0,515,1,1707,515,Saturday,20241221,1089,515,0,6
1090_20241222_1417_525x1,,,M,0,0,0,0,525,1,1417,525,Sunday,20241222,1090,516.4285714,8.571428571,7
1091_20241223_1400_505x1,,,M,0,0,0,0,505,1,1400,505,Monday,20241223,1091,515,-10,1
1092_20241224_1221_505x1,,,S,0,0,0,0,505,1,1221,505,Tuesday,20241224,1092,513.5714286,-8.571428571,2
1093_20241225_1324_525x1,,Christmas Liftmas,S,0,0,0,0,525,1,1324,525,Wednesday,20241225,1093,515,10,3
1094_20241226_1330_525x1,,,S,0,0,0,0,525,1,1330,525,Thursday,20241226,1094,516.4285714,8.571428571,4
1095_20241227_1436_525x1,,,S,0,0,0,0,525,1,1436,525,Friday,20241227,1095,517.8571429,7.142857143,5
1096_20241228_1647_525x1,,,S,0,0,0,0,525,1,1647,525,Saturday,20241228,1096,519.2857143,5.714285714,6
1097_20241229_0922_525x1,,,S,0,0,0,0,525,1,922,525,Sunday,20241229,1097,519.2857143,5.714285714,7
1098_20241230__525x1,,,S,0,0,0,0,525,1,,525,Monday,20241230,1098,522.1428571,2.857142857,1
1099_20241231_1523_565x1,,1st Annual Bailey Powerlifitng Spectacular,M,0,0,0,0,565,1,1523,565,Tuesday,20241231,1099,530.7142857,34.28571429,2
1100_20250101__425x,,,,,,,,425,,,425,Wednesday,20250101,1100,516.4285714,-91.42857143,3
1101_20250102__425x,,,,,,,,425,,,425,Thursday,20250102,1101,502.1428571,-77.14285714,4
1102_20250103__x,,,,,,,,425,,,,Friday,20250103,1102,,,5
1103_20250104__x,,,,,,,,425,,,,Saturday,20250104,1103,,,6
1104_20250105__x,,,,,,,,425,,,,Sunday,20250105,1104,,,7
1105_20250106__x,,,,,,,,425,,,,Monday,20250106,1105,,,1
1106_20250107__x,,,,,,,,425,,,,Tuesday,20250107,1106,,,2
1107_20250108__x,,,,,,,,425,,,,Wednesday,20250108,1107,,,3
1108_20250109__x,,,,,,,,425,,,,Thursday,20250109,1108,,,4
1109_20250110__x,,,,,,,,425,,,,Friday,20250110,1109,,,5
1110_20250111__x,,Colorado,M,1,1,0,0,465,1,,,Saturday,20250111,1110,,,6
1111_20250112__x,,,,,,,,,,,,Sunday,20250112,1111,,,7
1112_20250113__x,,,,,,,,,,,,Monday,20250113,1112,,,1
1113_20250114__x,,,,,,,,,,,,Tuesday,20250114,1113,,,2
1114_20250115__x,,,,,,,,,,,,Wednesday,20250115,1114,,,3
1115_20250116__x,,,,,,,,,,,,Thursday,20250116,1115,,,4
1116_20250117__x,,,,,,,,,,,,Friday,20250117,1116,,,5
1117_20250118__x,,,,,,,,,,,,Saturday,20250118,1117,,,6
1118_20250119__x,,,,,,,,,,,,Sunday,20250119,1118,,,7
1119_20250120__x,,,,,,,,,,,,Monday,20250120,1119,,,1
1120_20250121__x,,,,,,,,,,,,Tuesday,20250121,1120,,,2
1121_20250122__x,,,,,,,,,,,,Wednesday,20250122,1121,,,3
1122_20250123__x,,,,,,,,,,,,Thursday,20250123,1122,,,4
1123_20250124__x,,,,,,,,,,,,Friday,20250124,1123,,,5
1124_20250125__x,,,,,,,,,,,,Saturday,20250125,1124,,,6
1125_20250126__x,,,,,,,,,,,,Sunday,20250126,1125,,,7
1126_20250127__x,,,,,,,,,,,,Monday,20250127,1126,,,1
1127_20250128__x,,,,,,,,,,,,Tuesday,20250128,1127,,,2
1128_20250129__x,,,,,,,,,,,,Wednesday,20250129,1128,,,3
1129_20250130__x,,,,,,,,,,,,Thursday,20250130,1129,,,4
1130_20250131__x,,,,,,,,,,,,Friday,20250131,1130,,,5
1131_20250201__x,,,,,,,,,,,,Saturday,20250201,1131,,,6
1132_20250202__x,,,,,,,,,,,,Sunday,20250202,1132,,,7
1133_20250203__x,,,,,,,,,,,,Monday,20250203,1133,,,1
1134_20250204__x,,,,,,,,,,,,Tuesday,20250204,1134,,,2
1135_20250205__x,,,,,,,,,,,,Wednesday,20250205,1135,,,3
1136_20250206__x,,,,,,,,,,,,Thursday,20250206,1136,,,4
1137_20250207__x,,,,,,,,,,,,Friday,20250207,1137,,,5
1138_20250208__x,,,,,,,,,,,,Saturday,20250208,1138,,,6
1139_20250209__x,,,,,,,,,,,,Sunday,20250209,1139,,,7
1140_20250210__x,,,,,,,,,,,,Monday,20250210,1140,,,1
1141_20250211__x,,,,,,,,,,,,Tuesday,20250211,1141,,,2
1142_20250212__x,,,,,,,,,,,,Wednesday,20250212,1142,,,3
1143_20250213__x,,,,,,,,,,,,Thursday,20250213,1143,,,4
1144_20250214__x,,,,,,,,,,,,Friday,20250214,1144,,,5
1145_20250215__x,,,,,,,,,,,,Saturday,20250215,1145,,,6
1146_20250216__x,,,,,,,,,,,,Sunday,20250216,1146,,,7
1147_20250217__x,,,,,,,,,,,,Monday,20250217,1147,,,1
1148_20250218__x,,,,,,,,,,,,Tuesday,20250218,1148,,,2
1149_20250219__x,,,,,,,,,,,,Wednesday,20250219,1149,,,3
1150_20250220__x,,,,,,,,,,,,Thursday,20250220,1150,,,4
1151_20250221__x,,,,,,,,,,,,Friday,20250221,1151,,,5
1152_20250222__x,,,,,,,,,,,,Saturday,20250222,1152,,,6
1153_20250223__x,,,,,,,,,,,,Sunday,20250223,1153,,,7
1154_20250224__x,,,,,,,,,,,,Monday,20250224,1154,,,1
1155_20250225__x,,,,,,,,,,,,Tuesday,20250225,1155,,,2
1156_20250226__x,,,,,,,,,,,,Wednesday,20250226,1156,,,3
1157_20250227__x,,,,,,,,,,,,Thursday,20250227,1157,,,4
1158_20250228__x,,,,,,,,,,,,Friday,20250228,1158,,,5
1159_20250301__x,,,,,,,,,,,,Saturday,20250301,1159,,,6
1160_20250302__x,,,,,,,,,,,,Sunday,20250302,1160,,,7
1161_20250303__x,,,,,,,,,,,,Monday,20250303,1161,,,1
1162_20250304__x,,,,,,,,,,,,Tuesday,20250304,1162,,,2
1163_20250305__x,,,,,,,,,,,,Wednesday,20250305,1163,,,3
1164_20250306__x,,,,,,,,,,,,Thursday,20250306,1164,,,4
1165_20250307__x,,,,,,,,,,,,Friday,20250307,1165,,,5
1166_20250308__x,,,,,,,,,,,,Saturday,20250308,1166,,,6
1167_20250309__x,,,,,,,,,,,,Sunday,20250309,1167,,,7
1168_20250310__x,,,,,,,,,,,,Monday,20250310,1168,,,1
1169_20250311__x,,,,,,,,,,,,Tuesday,20250311,1169,,,2
1170_20250312__x,,,,,,,,,,,,Wednesday,20250312,1170,,,3
1171_20250313__x,,,,,,,,,,,,Thursday,20250313,1171,,,4
1172_20250314__x,,,,,,,,,,,,Friday,20250314,1172,,,5
1173_20250315__x,,,,,,,,,,,,Saturday,20250315,1173,,,6
1174_20250316__x,,,,,,,,,,,,Sunday,20250316,1174,,,7
1175_20250317__x,,,,,,,,,,,,Monday,20250317,1175,,,1
1176_20250318__x,,,,,,,,,,,,Tuesday,20250318,1176,,,2
1177_20250319__x,,,,,,,,,,,,Wednesday,20250319,1177,,,3
1178_20250320__x,,,,,,,,,,,,Thursday,20250320,1178,,,4
1179_20250321__x,,,,,,,,,,,,Friday,20250321,1179,,,5
1180_20250322__x,,,,,,,,,,,,Saturday,20250322,1180,,,6
1181_20250323__x,,,,,,,,,,,,Sunday,20250323,1181,,,7
1182_20250324__x,,,,,,,,,,,,Monday,20250324,1182,,,1
1183_20250325__x,,,,,,,,,,,,Tuesday,20250325,1183,,,2
1184_20250326__x,,,,,,,,,,,,Wednesday,20250326,1184,,,3
1185_20250327__x,,,,,,,,,,,,Thursday,20250327,1185,,,4
1186_20250328__x,,,,,,,,,,,,Friday,20250328,1186,,,5
1187_20250329__x,,,,,,,,,,,,Saturday,20250329,1187,,,6
1188_20250330__x,,,,,,,,,,,,Sunday,20250330,1188,,,7
1189_20250331__x,,,,,,,,,,,,Monday,20250331,1189,,,1
1190_20250401__x,,,,,,,,,,,,Tuesday,20250401,1190,,,2
1191_20250402__x,,,,,,,,,,,,Wednesday,20250402,1191,,,3
1192_20250403__x,,,,,,,,,,,,Thursday,20250403,1192,,,4
1193_20250404__x,,,,,,,,,,,,Friday,20250404,1193,,,5
1194_20250405__x,,,,,,,,,,,,Saturday,20250405,1194,,,6
1195_20250406__x,,,,,,,,,,,,Sunday,20250406,1195,,,7
1196_20250407__x,,,,,,,,,,,,Monday,20250407,1196,,,1
1197_20250408__x,,,,,,,,,,,,Tuesday,20250408,1197,,,2
1198_20250409__x,,,,,,,,,,,,Wednesday,20250409,1198,,,3
1199_20250410__x,,,,,,,,,,,,Thursday,20250410,1199,,,4
1200_20250411__x,,,,,,,,,,,,Friday,20250411,1200,,,5
