,Day Number_Date_Time_Top Set WeightxNumber of Reps,camera,Lifting Notes,Grip,Beltless,Stiff Bar,Deficiet,Pauses,Top Set Weight,Number of Reps,Time,Effective Weight,Day,Date,Day Number,Average Weight,Daily Delta,DayNumber
0,1_20211229_1642_405x1,phone,Day 1,M,0,1.0,0.0,0.0,405.0,1.0,1642,405.0,,20211229,1,,,
1,2_20211230_1711_405x1,phone,,M,0,1.0,0.0,0.0,405.0,1.0,1711,405.0,,20211230,2,,,
2,3_20211231_1545_405x1,phone,,M,0,1.0,0.0,0.0,405.0,1.0,1545,405.0,,20211231,3,,,
3,4_20220101__405x1,phone,Also plot weight & frequency vs day of the week!,M,0,1.0,0.0,0.0,405.0,1.0,,405.0,,20220101,4,,,
4,5_20220102__405x1,phone,Also plot lifting time distribution vs day of the week!,M,0,1.0,0.0,0.0,405.0,1.0,,405.0,,20220102,5,,,
5,6_20220103__405x1,phone,,M,0,1.0,0.0,0.0,405.0,1.0,,405.0,,20220103,6,,,
6,7_20220104__405x1,phone,,M,0,1.0,0.0,0.0,405.0,1.0,,405.0,,20220104,7,405.0,0.0,
7,8_20220105__405x1,phone,,M,0,1.0,0.0,0.0,405.0,1.0,,405.0,,20220105,8,405.0,0.0,
8,9_20220106__415x2,phone,,M,0,1.0,0.0,0.0,415.0,2.0,,427.865,,20220106,9,408.2664286,19.59857143,
9,10_20220107__405x1,phone,,,,,,,405.0,1.0,,405.0,,20220107,10,408.2664286,-3.266428571,
10,11_20220108__405x1,,,,,,,,405.0,1.0,,405.0,,20220108,11,408.2664286,-3.266428571,
11,12_20220109__405x1,,,,,,,,405.0,1.0,,405.0,,20220109,12,408.2664286,-3.266428571,
12,13_20220110__405x1,,,,,,,,405.0,1.0,,405.0,,20220110,13,408.2664286,-3.266428571,
13,14_20220111__405x1,,,,,,,,405.0,1.0,,405.0,,20220111,14,408.2664286,-3.266428571,
14,15_20220112__405x1,,,,,,,,405.0,1.0,,405.0,,20220112,15,408.2664286,-3.266428571,
15,16_20220113__405x2,,,,,,,,405.0,2.0,,417.555,,20220113,16,406.7935714,10.76142857,
16,17_20220114__405x1,,,,,,,,405.0,1.0,,405.0,,20220114,17,406.7935714,-1.793571429,
17,18_20220115__405x1,,,,,,,,405.0,1.0,,405.0,,20220115,18,406.7935714,-1.793571429,
18,19_20220116__405x1,,,,,,,,405.0,1.0,,405.0,,20220116,19,406.7935714,-1.793571429,
19,20_20220117__405x2,,,,,,,,405.0,2.0,,417.555,,20220117,20,408.5871429,8.967857143,
20,21_20220118__405x2,,,,,,,,405.0,2.0,,417.555,,20220118,21,410.3807143,7.174285714,
21,22_20220119__415x1,,,,,,,,415.0,1.0,,415.0,,20220119,22,411.8092857,3.190714286,
22,23_20220120__405x1,,,,,,,,405.0,1.0,,405.0,,20220120,23,410.0157143,-5.015714286,
23,24_20220121__405x1,,,,,,,,405.0,1.0,,405.0,,20220121,24,410.0157143,-5.015714286,
24,25_20220122__405x1,,,,,,,,405.0,1.0,,405.0,,20220122,25,410.0157143,-5.015714286,
25,26_20220123__405x2,,,,,,,,405.0,2.0,,417.555,,20220123,26,411.8092857,5.745714286,
26,27_20220124__405x2,,,,,,,,405.0,2.0,,417.555,,20220124,27,411.8092857,5.745714286,
27,28_20220125__405x1,,,,,,,,405.0,1.0,,405.0,,20220125,28,410.0157143,-5.015714286,
28,29_20220126__415x2,,,,,,,,415.0,2.0,,427.865,,20220126,29,411.8535714,16.01142857,
29,30_20220127__405x1,,,,,,,,405.0,1.0,,405.0,,20220127,30,411.8535714,-6.853571429,
30,31_20220128__405x1,,,,,,,,405.0,1.0,,405.0,,20220128,31,411.8535714,-6.853571429,
31,32_20220129__425x1,,,,,,,,425.0,1.0,,425.0,,20220129,32,414.7107143,10.28928571,
32,33_20220130__405x1,,,,,,,,405.0,1.0,,405.0,,20220130,33,412.9171429,-7.917142857,
33,34_20220131__415x2,,,,,,,,415.0,2.0,,427.865,,20220131,34,414.39,13.475,
34,35_20220201__435x1,,,,,,,,435.0,1.0,,435.0,,20220201,35,418.6757143,16.32428571,
35,36_20220202__405x3,,,,,,,,405.0,3.0,,430.11,,20220202,36,418.9964286,11.11357143,
36,37_20220203__425x1,,,,,,,,425.0,1.0,,425.0,,20220203,37,421.8535714,3.146428571,
37,38_20220204__405x1,,,,,,,,405.0,1.0,,405.0,,20220204,38,421.8535714,-16.85357143,
38,39_20220205__405x1,,,,,,,,405.0,1.0,,405.0,,20220205,39,418.9964286,-13.99642857,
39,40_20220206__405x1,,,,,,,,405.0,1.0,,405.0,,20220206,40,418.9964286,-13.99642857,
40,41_20220207__415x1,,,,,,,,415.0,1.0,,415.0,,20220207,41,417.1585714,-2.158571429,
41,42_20220208__415x1,,,,,,,,415.0,1.0,,415.0,,20220208,42,414.3014286,0.6985714286,
42,43_20220209__405x1,,,,,,,,405.0,1.0,,405.0,,20220209,43,410.7142857,-5.714285714,
43,44_20220210__415x1,,,,,,,,415.0,1.0,,415.0,,20220210,44,409.2857143,5.714285714,
44,45_20220211__415x2,,,,,,,,415.0,2.0,,427.865,,20220211,45,412.5521429,15.31285714,
45,46_20220212__415x1,,,,,,,,415.0,1.0,,415.0,,20220212,46,413.9807143,1.019285714,
46,47_20220213__415x1,,,,,,,,415.0,1.0,,415.0,,20220213,47,415.4092857,-0.4092857143,
47,48_20220214__415x1,,,,,,,,415.0,1.0,,415.0,,20220214,48,415.4092857,-0.4092857143,
48,49_20220215__415x1,,,,,,,,415.0,1.0,,415.0,,20220215,49,415.4092857,-0.4092857143,
49,50_20220216__415x1,,,,,,,,415.0,1.0,,415.0,,20220216,50,416.8378571,-1.837857143,
50,51_20220217__425x1,,,,,,,,425.0,1.0,,425.0,,20220217,51,418.2664286,6.733571429,
51,52_20220218__435x1,,,,,,,,435.0,1.0,,435.0,,20220218,52,419.2857143,15.71428571,
52,53_20220219__405x1,,,,,,,,405.0,1.0,,405.0,,20220219,53,417.8571429,-12.85714286,
53,54_20220220__415x1,,,,,,,,415.0,1.0,,415.0,,20220220,54,417.8571429,-2.857142857,
54,55_20220221__415x1,,,,,,,,415.0,1.0,,415.0,,20220221,55,417.8571429,-2.857142857,
55,56_20220222__415x1,,,,,,,,415.0,1.0,,415.0,,20220222,56,417.8571429,-2.857142857,
56,57_20220223__425x1,,,,,,,,425.0,1.0,,425.0,,20220223,57,419.2857143,5.714285714,
57,58_20220224__415x1,,,,,,,,415.0,1.0,,415.0,,20220224,58,417.8571429,-2.857142857,
58,59_20220225__445x1,,,,,,,,445.0,1.0,,445.0,,20220225,59,419.2857143,25.71428571,
59,60_20220226__415x1,,,,,,,,415.0,1.0,,415.0,,20220226,60,420.7142857,-5.714285714,
60,61_20220227__425x1,,,,,,,,425.0,1.0,,425.0,,20220227,61,422.1428571,2.857142857,
61,62_20220228__435x1,,,,,,,,435.0,1.0,,435.0,,20220228,62,425.0,10.0,
62,63_20220301__435x1,,,,,,,,435.0,1.0,,435.0,,20220301,63,427.8571429,7.142857143,
63,64_20220302__455x1,,,,,,,,455.0,1.0,,455.0,,20220302,64,432.1428571,22.85714286,
64,65_20220303__505x1,,,,,,,,505.0,1.0,,505.0,,20220303,65,445.0,60.0,
65,66_20220304__415x1,,,,,,,,415.0,1.0,,415.0,,20220304,66,440.7142857,-25.71428571,
66,67_20220305__435x1,,,,,,,,435.0,1.0,,435.0,,20220305,67,443.5714286,-8.571428571,
67,68_20220306__438x1,,,,,,,,438.0,1.0,,438.0,,20220306,68,445.4285714,-7.428571429,
68,69_20220307__415x1,,,,,,,,415.0,1.0,,415.0,,20220307,69,442.5714286,-27.57142857,
69,70_20220308__405x1,,,,,,,,405.0,1.0,,405.0,,20220308,70,438.2857143,-33.28571429,
70,71_20220309__455x1,,,,,,,,455.0,1.0,,455.0,,20220309,71,438.2857143,16.71428571,
71,72_20220310__425x3,,,,,,,,425.0,3.0,,451.35,,20220310,72,430.6214286,20.72857143,
72,73_20220311__405x1,,,,,,,,405.0,1.0,,405.0,,20220311,73,429.1928571,-24.19285714,
73,74_20220312__405x1,,,,,,,,405.0,1.0,,405.0,,20220312,74,424.9071429,-19.90714286,
74,75_20220313__445x1,,,,,,,,445.0,1.0,,445.0,,20220313,75,425.9071429,19.09285714,
75,76_20220314__405x1,,,,,,,,405.0,1.0,,405.0,,20220314,76,424.4785714,-19.47857143,
76,77_20220315__405x1,,,,,,,,405.0,1.0,,405.0,,20220315,77,424.4785714,-19.47857143,
77,78_20220316__415x1,,,,,,,,415.0,1.0,,415.0,,20220316,78,418.7642857,-3.764285714,
78,79_20220317__435x1,,,,,,,,435.0,1.0,,435.0,,20220317,79,416.4285714,18.57142857,
79,80_20220318__435x1,,,,,,,,435.0,1.0,,435.0,,20220318,80,420.7142857,14.28571429,
80,81_20220319__435x1,,,,,,,,435.0,1.0,,435.0,,20220319,81,425.0,10.0,
81,82_20220320__435x1,,,,,,,,435.0,1.0,,435.0,,20220320,82,423.5714286,11.42857143,
82,83_20220321__415x2,,,,,,,,415.0,2.0,,427.865,,20220321,83,426.8378571,1.027142857,
83,84_20220322__435x1,,,,,,,,435.0,1.0,,435.0,,20220322,84,431.1235714,3.876428571,
84,85_20220323__455x1,,,,,,,,455.0,1.0,,455.0,,20220323,85,436.8378571,18.16214286,
85,86_20220324__435x1,,,,,,,,435.0,1.0,,435.0,,20220324,86,436.8378571,-1.837857143,
86,87_20220325__435x1,,,,,,,,435.0,1.0,,435.0,,20220325,87,436.8378571,-1.837857143,
87,88_20220326__435x1,,,,,,,,435.0,1.0,,435.0,,20220326,88,436.8378571,-1.837857143,
88,89_20220327__475x1,,,,,,,,475.0,1.0,,475.0,,20220327,89,442.5521429,32.44785714,
89,90_20220328__435x2,,,,,,,,435.0,2.0,,448.485,,20220328,90,445.4978571,2.987142857,
90,91_20220329__485x1,,,,,,,,485.0,1.0,,485.0,,20220329,91,452.6407143,32.35928571,
91,92_20220330__415x1,,,,,,,,415.0,1.0,,415.0,,20220330,92,446.9264286,-31.92642857,
92,93_20220331__415x1,,,,,,,,415.0,1.0,,415.0,,20220331,93,444.0692857,-29.06928571,
93,94_20220401__415x1,,,,,,,,415.0,1.0,,415.0,,20220401,94,441.2121429,-26.21214286,
94,95_20220402__415x1,,,,,,,,415.0,1.0,,415.0,,20220402,95,438.355,-23.355,
95,96_20220403__415x1,,,,,,,,415.0,1.0,,415.0,,20220403,96,429.7835714,-14.78357143,
96,97_20220404__435x1,,,,,,,,435.0,1.0,,435.0,,20220404,97,427.8571429,7.142857143,
97,98_20220405__415x1,,,,,,,,415.0,1.0,,415.0,,20220405,98,417.8571429,-2.857142857,
98,99_20220406__485x1,,,,,,,,485.0,1.0,,485.0,,20220406,99,427.8571429,57.14285714,
99,100_20220407__455x1,,,,,,,,455.0,1.0,,455.0,,20220407,100,433.5714286,21.42857143,
100,101_20220408__435x1,,,,,,,,435.0,1.0,,435.0,,20220408,101,436.4285714,-1.428571429,
101,102_20220409__415x1,,,,,,,,415.0,1.0,,415.0,,20220409,102,436.4285714,-21.42857143,
102,103_20220410__435x1,,,,,,,,435.0,1.0,,435.0,,20220410,103,439.2857143,-4.285714286,
103,104_20220411__435x1,,,,,,,,435.0,1.0,,435.0,,20220411,104,439.2857143,-4.285714286,
104,105_20220412__455x1,,,,,,,,455.0,1.0,,455.0,,20220412,105,445.0,10.0,
105,106_20220413__455x1,,,,,,,,455.0,1.0,,455.0,,20220413,106,440.7142857,14.28571429,
106,107_20220414__505x1,,,,,,,,505.0,1.0,,505.0,,20220414,107,447.8571429,57.14285714,
107,108_20220415__435x1,,,,,,,,435.0,1.0,,435.0,,20220415,108,447.8571429,-12.85714286,
108,109_20220416__435x2,,,,,,,,435.0,2.0,,448.485,,20220416,109,452.6407143,-4.155714286,
109,110_20220417__445x1,,,,,,,,445.0,1.0,,445.0,,20220417,110,454.0692857,-9.069285714,
110,111_20220418__455x1,,,,,,,,455.0,1.0,,455.0,,20220418,111,456.9264286,-1.926428571,
111,112_20220419__415x1,,,,,,,,415.0,1.0,,415.0,,20220419,112,451.2121429,-36.21214286,
112,113_20220420__435x1,,,,,,,,435.0,1.0,,435.0,,20220420,113,448.355,-13.355,
113,114_20220421__415x1,,,,,,,,415.0,1.0,,415.0,,20220421,114,435.4978571,-20.49785714,
114,115_20220422__415x1,,,,,,,,415.0,1.0,,415.0,,20220422,115,432.6407143,-17.64071429,
115,116_20220423__415x1,,,,,,,,415.0,1.0,,415.0,,20220423,116,427.8571429,-12.85714286,
116,117_20220424__525x1,,,,,,,,525.0,1.0,,525.0,,20220424,117,439.2857143,85.71428571,
117,118_20220425__435x1,,,,,,,,435.0,1.0,,435.0,,20220425,118,436.4285714,-1.428571429,
118,119_20220426__455x1,,,,,,,,455.0,1.0,,455.0,,20220426,119,442.1428571,12.85714286,
119,120_20220427__415x2,,,,,,,,415.0,2.0,,427.865,,20220427,120,441.1235714,-13.25857143,
120,121_20220428__435x1,,,,,,,,435.0,1.0,,435.0,,20220428,121,443.9807143,-8.980714286,
121,122_20220429__445x1,,,,,,,,445.0,1.0,,445.0,,20220429,122,448.2664286,-3.266428571,
122,123_20220430__455x1,,,,,,,,455.0,1.0,,455.0,,20220430,123,453.9807143,1.019285714,
123,124_20220501__455x2,,,,,,,,455.0,2.0,,469.105,,20220501,124,445.9957143,23.10928571,
124,125_20220502__415x1,,,,,,,,415.0,1.0,,415.0,,20220502,125,443.1385714,-28.13857143,
125,126_20220503__415x1,,,,,,,,415.0,1.0,,415.0,,20220503,126,437.4242857,-22.42428571,
126,127_20220504__415x1,,,,,,,,415.0,1.0,,415.0,,20220504,127,435.5864286,-20.58642857,
127,128_20220505__415x1,,,,,,,,415.0,1.0,,415.0,,20220505,128,432.7292857,-17.72928571,
128,129_20220506__415x1,,,,,,,,415.0,1.0,,415.0,,20220506,129,428.4435714,-13.44357143,
129,130_20220507__415x1,,,,,,,,415.0,1.0,,415.0,,20220507,130,422.7292857,-7.729285714,
130,131_20220508__485x2,,,,,,,,485.0,2.0,,500.035,,20220508,131,427.1478571,72.88714286,
131,132_20220509__415x1,,,,,,,,415.0,1.0,,415.0,,20220509,132,427.1478571,-12.14785714,
132,133_20220510__415x1,,,,,,,,415.0,1.0,,415.0,,20220510,133,427.1478571,-12.14785714,
133,134_20220511__415x1,,,,,,,,415.0,1.0,,415.0,,20220511,134,427.1478571,-12.14785714,
134,135_20220512__415x1,,,,,,,,415.0,1.0,,415.0,,20220512,135,427.1478571,-12.14785714,
135,136_20220513__415x1,,,,,,,,415.0,1.0,,415.0,,20220513,136,427.1478571,-12.14785714,
136,137_20220514__415x1,,,,,,,,415.0,1.0,,415.0,,20220514,137,427.1478571,-12.14785714,
137,138_20220515__515x2,,,,,,,,515.0,2.0,,530.965,,20220515,138,431.5664286,99.39857143,
138,139_20220516__455x1,,,,,,,,455.0,1.0,,455.0,,20220516,139,437.2807143,17.71928571,
139,140_20220517__435x1,,,,,,,,435.0,1.0,,435.0,,20220517,140,440.1378571,-5.137857143,
140,141_20220518__415x1,,,,,,,,415.0,1.0,,415.0,,20220518,141,440.1378571,-25.13785714,
141,142_20220519__415x1,,,,,,,,415.0,1.0,,415.0,,20220519,142,440.1378571,-25.13785714,
142,143_20220520__415x1,,,,,,,,415.0,1.0,,415.0,,20220520,143,440.1378571,-25.13785714,
143,144_20220521__415x1,,,,,,,,415.0,1.0,,415.0,,20220521,144,440.1378571,-25.13785714,
144,145_20220522__545x2,,,,,,,,545.0,2.0,,561.895,,20220522,145,444.5564286,117.3385714,
145,146_20220523__435x1,,,,,,,,435.0,1.0,,435.0,,20220523,146,441.6992857,-6.699285714,
146,147_20220524__435x1,,,,,,,,435.0,1.0,,435.0,,20220524,147,441.6992857,-6.699285714,
147,148_20220525__435x1,,,,,,,,435.0,1.0,,435.0,,20220525,148,444.5564286,-9.556428571,
148,149_20220526__435x1,,,,,,,,435.0,1.0,,435.0,,20220526,149,447.4135714,-12.41357143,
149,150_20220527__435x1,,,,,,,,435.0,1.0,,435.0,,20220527,150,450.2707143,-15.27071429,
150,151_20220528__435x1,,,,,,,,435.0,1.0,,435.0,,20220528,151,453.1278571,-18.12785714,
151,152_20220529__496x1,,,,,,,,496.0,1.0,,496.0,,20220529,152,443.7142857,52.28571429,
152,153_20220530__455x1,,,,,,,,455.0,1.0,,455.0,,20220530,153,446.5714286,8.428571429,
153,154_20220531__435x1,,,,,,,,435.0,1.0,,435.0,,20220531,154,446.5714286,-11.57142857,
154,155_20220601__435x1,,,,,,,,435.0,1.0,,435.0,,20220601,155,446.5714286,-11.57142857,
155,156_20220602__445x1,,,,,,,,445.0,1.0,,445.0,,20220602,156,448.0,-3.0,
156,157_20220603__455x1,,,,,,,,455.0,1.0,,455.0,,20220603,157,450.8571429,4.142857143,
157,158_20220604__435x1,,,,,,,,435.0,1.0,,435.0,,20220604,158,450.8571429,-15.85714286,
158,159_20220605__500x3,,,,,,,,500.0,3.0,,531.0,,20220605,159,455.8571429,75.14285714,
159,160_20220606__435x1,,,,,,,,435.0,1.0,,435.0,,20220606,160,453.0,-18.0,
160,161_20220607__435x1,,,,,,,,435.0,1.0,,435.0,,20220607,161,453.0,-18.0,
161,162_20220608__435x1,,,,,,,,435.0,1.0,,435.0,,20220608,162,453.0,-18.0,
162,163_20220609__435x1,,,,,,,,435.0,1.0,,435.0,,20220609,163,451.5714286,-16.57142857,
163,164_20220610__435x1,,,,,,,,435.0,1.0,,435.0,,20220610,164,448.7142857,-13.71428571,
164,165_20220611__535x2,,,,,,,,535.0,2.0,,551.585,,20220611,165,465.3692857,86.21571429,
165,166_20220612__405x1,,,,,,,,405.0,1.0,,405.0,,20220612,166,447.3692857,-42.36928571,
166,167_20220613__405x1,,,,,,,,405.0,1.0,,405.0,,20220613,167,443.0835714,-38.08357143,
167,168_20220614__405x1,,,,,,,,405.0,1.0,,405.0,,20220614,168,438.7978571,-33.79785714,
168,169_20220615__405x1,,,,,,,,405.0,1.0,,405.0,,20220615,169,434.5121429,-29.51214286,
169,170_20220616__405x1,,,,,,,,405.0,1.0,,405.0,,20220616,170,430.2264286,-25.22642857,
170,171_20220617__405x2,,,,,,,,405.0,2.0,,417.555,,20220617,171,427.7342857,-10.17928571,
171,172_20220618__405x1,,,,,,,,405.0,1.0,,405.0,,20220618,172,406.7935714,-1.793571429,
172,173_20220619__405x1,,,,,,,,405.0,1.0,,405.0,,20220619,173,406.7935714,-1.793571429,
173,174_20220620__405x1,,,,,,,,405.0,1.0,,405.0,,20220620,174,406.7935714,-1.793571429,
174,175_20220621__405x1,,,,,,,,405.0,1.0,,405.0,,20220621,175,406.7935714,-1.793571429,
175,176_20220622__415x1,,,,,,,,415.0,1.0,,415.0,,20220622,176,408.2221429,6.777857143,
176,177_20220623__435x1,,,,,,,,435.0,1.0,,435.0,,20220623,177,412.5078571,22.49214286,
177,178_20220624__455x2,,,,,,,,455.0,2.0,,469.105,,20220624,178,419.8721429,49.23285714,
178,179_20220625__435x1,,,,,,,,435.0,1.0,,435.0,,20220625,179,424.1578571,10.84214286,
179,180_20220626__435x1,,,,,,,,435.0,1.0,,435.0,,20220626,180,428.4435714,6.556428571,
180,181_20220627__435x1,,,,,,,,435.0,1.0,,435.0,,20220627,181,432.7292857,2.270714286,
181,182_20220628__415x1,,,,,,,,415.0,1.0,,415.0,,20220628,182,434.1578571,-19.15785714,
182,183_20220629__415x1,,,,,,,,415.0,1.0,,415.0,,20220629,183,434.1578571,-19.15785714,
183,184_20220630__415x1,,,,,,,,415.0,1.0,,415.0,,20220630,184,431.3007143,-16.30071429,
184,185_20220701__415x1,,,,,,,,415.0,1.0,,415.0,,20220701,185,423.5714286,-8.571428571,
185,186_20220702__415x1,,,,,,,,415.0,1.0,,415.0,,20220702,186,420.7142857,-5.714285714,
186,187_20220703__415x1,,,,,,,,415.0,1.0,,415.0,,20220703,187,417.8571429,-2.857142857,
187,188_20220704__525x1,,,,,,,,525.0,1.0,,525.0,,20220704,188,430.7142857,94.28571429,
188,189_20220705__415x1,,,,,,,,415.0,1.0,,415.0,,20220705,189,430.7142857,-15.71428571,
189,190_20220706__415x1,,,,,,,,415.0,1.0,,415.0,,20220706,190,430.7142857,-15.71428571,
190,191_20220707__415x1,,,,,,,,415.0,1.0,,415.0,,20220707,191,430.7142857,-15.71428571,
191,192_20220708__415x1,,,,,,,,415.0,1.0,,415.0,,20220708,192,430.7142857,-15.71428571,
192,193_20220709__415x1,,,,,,,,415.0,1.0,,415.0,,20220709,193,430.7142857,-15.71428571,
193,194_20220710__415x1,,,,,,,,415.0,1.0,,415.0,,20220710,194,430.7142857,-15.71428571,
194,195_20220711__415x1,,,,,,,,415.0,1.0,,415.0,,20220711,195,415.0,0.0,
195,196_20220712__415x1,,,,,,,,415.0,1.0,,415.0,,20220712,196,415.0,0.0,
196,197_20220713__415x2,,,,,,,,415.0,2.0,,427.865,,20220713,197,416.8378571,11.02714286,
197,198_20220714__415x1,,,,,,,,415.0,1.0,,415.0,,20220714,198,416.8378571,-1.837857143,
198,199_20220715__415x1,,,,,,,,415.0,1.0,,415.0,,20220715,199,416.8378571,-1.837857143,
199,200_20220716__415x1,,,,,,,,415.0,1.0,,415.0,,20220716,200,416.8378571,-1.837857143,
200,201_20220717__505x1,,,,,,,,505.0,1.0,,505.0,,20220717,201,429.695,75.305,
201,202_20220718__415x1,,,,,,,,415.0,1.0,,415.0,,20220718,202,429.695,-14.695,
202,203_20220719__415x1,,,,,,,,415.0,1.0,,415.0,,20220719,203,429.695,-14.695,
203,204_20220720__435x2,,,,,,,,435.0,2.0,,448.485,,20220720,204,432.6407143,15.84428571,
204,205_20220721__415x3,,,,,,,,415.0,3.0,,440.73,,20220721,205,436.3164286,4.413571429,
205,206_20220722__415x1,,,,,,,,415.0,1.0,,415.0,,20220722,206,436.3164286,-21.31642857,
206,207_20220723__455x2,,,,,,,,455.0,2.0,,469.105,,20220723,207,444.0457143,25.05928571,
207,208_20220724__425x1,,,,,,,,425.0,1.0,,425.0,,20220724,208,432.6171429,-7.617142857,
208,209_20220725__415x2,,,,,,,,415.0,2.0,,427.865,,20220725,209,434.455,-6.59,
209,210_20220726__415x1,,,,,,,,415.0,1.0,,415.0,,20220726,210,434.455,-19.455,
210,211_20220727__415x1,,,,,,,,415.0,1.0,,415.0,,20220727,211,429.6714286,-14.67142857,
211,212_20220728__415x2,,,,,,,,415.0,2.0,,427.865,,20220728,212,427.8335714,0.03142857143,
212,213_20220729__415x1,,,,,,,,415.0,1.0,,415.0,,20220729,213,427.8335714,-12.83357143,
213,214_20220730__415x1,,,,,,,,415.0,1.0,,415.0,,20220730,214,420.1042857,-5.104285714,
214,215_20220731__435x1,,,,,,,,435.0,1.0,,435.0,,20220731,215,421.5328571,13.46714286,
215,216_20220801__435x1,,,,,,,,435.0,1.0,,435.0,,20220801,216,422.5521429,12.44785714,
216,217_20220802__485x2,,,,,,,,485.0,2.0,,500.035,,20220802,217,434.7,65.335,
217,218_20220803__435x1,,,,,,,,435.0,1.0,,435.0,,20220803,218,437.5571429,-2.557142857,
218,219_20220804__415x1,,,,,,,,415.0,1.0,,415.0,,20220804,219,435.7192857,-20.71928571,
219,220_20220805__415x1,,,,,,,,415.0,1.0,,415.0,,20220805,220,435.7192857,-20.71928571,
220,221_20220806__415x1,,,,,,,,415.0,1.0,,415.0,,20220806,221,435.7192857,-20.71928571,
221,222_20220807__425x1,,,,,,,,425.0,1.0,,425.0,,20220807,222,434.2907143,-9.290714286,
222,223_20220808__505x1,,,,,,,,505.0,1.0,,505.0,,20220808,223,444.2907143,60.70928571,
223,224_20220809__415x1,,,,,,,,415.0,1.0,,415.0,,20220809,224,432.1428571,-17.14285714,
224,225_20220810__415x1,,,,,,,,415.0,1.0,,415.0,,20220810,225,429.2857143,-14.28571429,
225,226_20220811__415x1,,,,,,,,415.0,1.0,,415.0,,20220811,226,429.2857143,-14.28571429,
226,227_20220812__415x1,,,,,,,,415.0,1.0,,415.0,,20220812,227,429.2857143,-14.28571429,
227,228_20220813__415x1,,,,,,,,415.0,1.0,,415.0,,20220813,228,429.2857143,-14.28571429,
228,229_20220814__415x3,,,,,,,,415.0,3.0,,440.73,,20220814,229,431.5328571,9.197142857,
229,230_20220815__435x2,,,,,,,,435.0,2.0,,448.485,,20220815,230,423.4592857,25.02571429,
230,231_20220816__415x1,,,,,,,,415.0,1.0,,415.0,,20220816,231,423.4592857,-8.459285714,
231,232_20220817__415x5,,,,,,,,415.0,5.0,,466.46,,20220817,232,430.8107143,35.64928571,
232,233_20220818__455x1,,,,,,,,455.0,1.0,,455.0,,20220818,233,436.525,18.475,
233,234_20220819__415x1,,,,,,,,415.0,1.0,,415.0,,20220819,234,436.525,-21.525,
234,235_20220820__415x1,,,,,,,,415.0,1.0,,415.0,,20220820,235,436.525,-21.525,
235,236_20220821__455x2,,,,,,,,455.0,2.0,,469.105,,20220821,236,440.5785714,28.52642857,
236,237_20220822__455x1,,,,,,,,455.0,1.0,,455.0,,20220822,237,441.5092857,13.49071429,
237,238_20220823__475x1,,,,,,,,475.0,1.0,,475.0,,20220823,238,450.0807143,24.91928571,
238,239_20220824__415x1,,,,,,,,415.0,1.0,,415.0,,20220824,239,442.7292857,-27.72928571,
239,240_20220825__525x1,,,,,,,,525.0,1.0,,525.0,,20220825,240,452.7292857,72.27071429,
240,241_20220826__435x1,,,,,,,,435.0,1.0,,435.0,,20220826,241,455.5864286,-20.58642857,
241,242_20220827__435x1,,,,,,,,435.0,1.0,,435.0,,20220827,242,458.4435714,-23.44357143,
242,243_20220828__495x1,,,,,,,,495.0,1.0,,495.0,,20220828,243,462.1428571,32.85714286,
243,244_20220829__435x1,,,,,,,,435.0,1.0,,435.0,,20220829,244,459.2857143,-24.28571429,
244,245_20220830__435x1,,,,,,,,435.0,1.0,,435.0,,20220830,245,453.5714286,-18.57142857,
245,246_20220831__435x1,,,,,,,,435.0,1.0,,435.0,,20220831,246,456.4285714,-21.42857143,
246,247_20220901__435x1,,,,,,,,435.0,1.0,,435.0,,20220901,247,443.5714286,-8.571428571,
247,248_20220902__435x3,,,,,,,,435.0,3.0,,461.97,,20220902,248,447.4242857,14.54571429,
248,249_20220903__455x3,,,,,,,,455.0,3.0,,483.21,,20220903,249,454.3114286,28.89857143,
249,250_20220904__415x1,,,,,,,,415.0,1.0,,415.0,,20220904,250,442.8828571,-27.88285714,
250,251_20220905__415x1,,,,,,,,415.0,1.0,,415.0,,20220905,251,440.0257143,-25.02571429,
251,252_20220906__455x1,,,,,,,,455.0,1.0,,455.0,,20220906,252,442.8828571,12.11714286,
252,253_20220907__500x1,,,,,,,,500.0,1.0,,500.0,,20220907,253,452.1685714,47.83142857,
253,254_20220908__435x1,,,,,,,,435.0,1.0,,435.0,,20220908,254,452.1685714,-17.16857143,
254,255_20220909__435x1,,,,,,,,435.0,1.0,,435.0,,20220909,255,448.3157143,-13.31571429,
255,256_20220910__415x1,,,,,,,,415.0,1.0,,415.0,,20220910,256,438.5714286,-23.57142857,
256,257_20220911__435x2,,,,,,,,435.0,2.0,,448.485,,20220911,257,443.355,5.13,
257,258_20220912__465x1,,,,,,,,465.0,1.0,,465.0,,20220912,258,450.4978571,14.50214286,
258,259_20220913__435x3,,,,,,,,435.0,3.0,,461.97,,20220913,259,451.4935714,10.47642857,
259,260_20220914__455x3,,,,,,,,455.0,3.0,,483.21,,20220914,260,449.095,34.115,
260,261_20220915__435x2,,,,,,,,435.0,2.0,,448.485,,20220915,261,451.0214286,-2.536428571,
261,262_20220916__415x5,,,,,,,,415.0,5.0,,466.46,,20220916,262,455.5157143,10.94428571,
262,263_20220917__455x1,,,,,,,,455.0,1.0,,455.0,,20220917,263,461.23,-6.23,
263,264_20220918__465x3,,,,,,,,465.0,3.0,,493.83,,20220918,264,467.7078571,26.12214286,
264,265_20220919__465x5,,,,,,,,465.0,5.0,,522.66,,20220919,265,475.945,46.715,
265,266_20220920__435x1,,,,,,,,435.0,1.0,,435.0,,20220920,266,472.0921429,-37.09214286,
266,267_20220921__465x1,,,,,,,,465.0,1.0,,465.0,,20220921,267,469.4907143,-4.490714286,
267,268_20220922__415x1,,,,,,,,415.0,1.0,,415.0,,20220922,268,464.7071429,-49.70714286,
268,269_20220923__465x1,,,,,,,,465.0,1.0,,465.0,,20220923,269,464.4985714,0.5014285714,
269,270_20220924__502.5x1,,,,,,,,502.5,1.0,,502.5,,20220924,270,471.2842857,31.21571429,
270,271_20220925__435x1,,,,,,,,435.0,1.0,,435.0,,20220925,271,462.88,-27.88,
271,272_20220926__435x8,,,,,,,,435.0,8.0,,529.395,,20220926,272,463.8421429,65.55285714,
272,273_20220927__435x1,,,,,,,,435.0,1.0,,435.0,,20220927,273,463.8421429,-28.84214286,
273,274_20220928__475x1,,,,,,,,475.0,1.0,,475.0,,20220928,274,465.2707143,9.729285714,
274,275_20220929__435x4,,,,,,,,435.0,4.0,,475.455,,20220929,275,473.9071429,1.547857143,
275,276_20220930__435x1,,,,,,,,435.0,1.0,,435.0,,20220930,276,469.6214286,-34.62142857,
276,277_20221001__475x4,,,,,,,,475.0,4.0,,519.175,,20221001,277,472.0035714,47.17142857,
277,278_20221002__455x2,,,,,,,,455.0,2.0,,469.105,,20221002,278,476.8757143,-7.770714286,
278,279_20221003__435x4,,,,,,,,435.0,4.0,,475.455,,20221003,279,469.17,6.285,
279,280_20221004__435x5,,,,,,,,435.0,5.0,,488.94,,20221004,280,476.8757143,12.06428571,
280,281_20221005__455x2,,,,,,,,455.0,2.0,,469.105,,20221005,281,476.0335714,-6.928571429,
281,282_20221006__465x2,,,,,,,,465.0,2.0,,479.415,,20221006,282,476.5992857,2.815714286,
282,283_20221007__435x10,,,,,,,,435.0,10.0,,556.365,,20221007,283,493.9371429,62.42785714,
283,284_20221008__455x2,,,,,,,,455.0,2.0,,469.105,,20221008,284,486.7842857,-17.67928571,
284,285_20221009__485x1,,,,,,,,485.0,1.0,,485.0,,20221009,285,489.055,-4.055,
285,286_20221010__435x1,,,,,,,,435.0,1.0,,435.0,,20221010,286,483.2757143,-48.27571429,
286,287_20221011__455x5,,,,,,,,455.0,5.0,,511.42,,20221011,287,486.4871429,24.93285714,
287,288_20221012__440x2,,,,,,,,440.0,2.0,,453.64,,20221012,288,484.2778571,-30.63785714,
288,289_20221013__455x2,,,,,,,,455.0,2.0,,469.105,,20221013,289,482.805,-13.7,
289,290_20221014__455x3,,,,,,,,455.0,3.0,,483.21,,20221014,290,472.3542857,10.85571429,
290,291_20221015__505x4,,,,,,,,505.0,4.0,,551.965,,20221015,291,484.1914286,67.77357143,
291,292_20221016__455x1,,,,,,,,455.0,1.0,,455.0,,20221016,292,479.9057143,-24.90571429,
292,293_20221017__475x3,,,,,,,,475.0,3.0,,504.45,,20221017,293,489.8271429,14.62285714,
293,294_20221018__455x2,,,,,,,,455.0,2.0,,469.105,,20221018,294,483.7821429,-14.67714286,
294,295_20221019__435x3,,,,,,,,435.0,3.0,,461.97,,20221019,295,484.9721429,-23.00214286,
295,296_20221020__455x1,,,,,,,,455.0,1.0,,455.0,,20221020,296,482.9571429,-27.95714286,
296,297_20221021__435x3,,,,,,,,435.0,3.0,,461.97,,20221021,297,479.9228571,-17.95285714,
297,298_20221022__435x5,,,,,,,,435.0,5.0,,488.94,,20221022,298,470.9192857,18.02071429,
298,299_20221023__435x3,,,,,,,,435.0,3.0,,461.97,,20221023,299,471.915,-9.945,
299,300_20221024__485x2,,,,,,,,485.0,2.0,,500.035,,20221024,300,471.2842857,28.75071429,
300,301_20221025__435x3,,,,,,,,435.0,3.0,,461.97,,20221025,301,470.265,-8.295,
301,302_20221026__455x1,,,,,,,,455.0,1.0,,455.0,,20221026,302,469.2692857,-14.26928571,
302,303_20221027__440x2,,,,,,,,440.0,2.0,,453.64,,20221027,303,469.075,-15.435,
303,304_20221028__455x3,,,,,,,,455.0,3.0,,483.21,,20221028,304,472.1092857,11.10071429,
304,305_20221029__455x1,,,,,,,,455.0,1.0,,455.0,,20221029,305,467.2607143,-12.26071429,
305,306_20221030__440x2,,,,,,,,440.0,2.0,,453.64,,20221030,306,466.0707143,-12.43071429,
306,307_20221031__455x2,,,,,,,,455.0,2.0,,469.105,,20221031,307,461.6521429,7.452857143,
307,308_20221101__475x2,,,,,,,,475.0,2.0,,489.725,,20221101,308,465.6171429,24.10785714,
308,309_20221102__455x1,,,,,,,,455.0,1.0,,455.0,,20221102,309,465.6171429,-10.61714286,
309,310_20221103__455x1,,,,,,,,455.0,1.0,,455.0,,20221103,310,465.8114286,-10.81142857,
310,311_20221104__435x4,,,,,,,,435.0,4.0,,475.455,,20221104,311,464.7035714,10.75142857,
311,312_20221105__435x3,,,,,,,,435.0,3.0,,461.97,,20221105,312,465.6992857,-3.729285714,
312,313_20221106__525x1,,,,,,,,525.0,1.0,,525.0,,20221106,313,475.8935714,49.10642857,
313,314_20221107__435x3,,,,,,,,435.0,3.0,,461.97,,20221107,314,474.8742857,-12.90428571,
314,315_20221108__435x4,,,,,,,,435.0,4.0,,475.455,,20221108,315,472.8357143,2.619285714,
315,316_20221109__440x2,,,,,,,,440.0,2.0,,453.64,,20221109,316,472.6414286,-19.00142857,
316,317_20221110__440x2,,,,,,,,440.0,2.0,,453.64,,20221110,317,472.4471429,-18.80714286,
317,318_20221111__440x2,,,,,,,,440.0,2.0,,453.64,,20221111,318,469.3307143,-15.69071429,
318,319_20221112__445x2,,,,,,,,445.0,2.0,,458.795,,20221112,319,468.8771429,-10.08214286,
319,320_20221113__475x8,,,,,,,,475.0,8.0,,578.075,,20221113,320,476.4592857,101.6157143,
320,321_20221114__455x1,,,,,,,,455.0,1.0,,455.0,,20221114,321,475.4635714,-20.46357143,
321,322_20221115__455x1,,,,,,,,455.0,1.0,,455.0,,20221115,322,472.5414286,-17.54142857,
322,323_20221116__455x2,,,,,,,,455.0,2.0,,469.105,,20221116,323,474.7507143,-5.645714286,
323,324_20221117__455x3,,,,,,,,455.0,3.0,,483.21,,20221117,324,478.975,4.235,
324,325_20221118__455x1,,,,,,,,455.0,1.0,,455.0,,20221118,325,479.1692857,-24.16928571,
325,326_20221119__455x3,,,,,,,,455.0,3.0,,483.21,,20221119,326,482.6571429,0.5528571429,
326,327_20221120__455x1,,,,,,,,455.0,1.0,,455.0,,20221120,327,465.075,-10.075,
327,328_20221121__455x2,,,,,,,,455.0,2.0,,469.105,,20221121,328,467.09,2.015,
328,329_20221122__455x3,,,,,,,,455.0,3.0,,483.21,,20221122,329,471.12,12.09,
329,330_20221123__475x3,,,,,,,,475.0,3.0,,504.45,,20221123,330,476.1692857,28.28071429,
330,331_20221124__455x3,,,,,,,,455.0,3.0,,483.21,,20221124,331,476.1692857,7.040714286,
331,332_20221125__455x3,,,,,,,,455.0,3.0,,483.21,,20221125,332,480.1992857,3.010714286,
332,333_20221126__458x1,,,,,,,,458.0,1.0,,458.0,,20221126,333,476.5978571,-18.59785714,
333,334_20221127__455x3,,,,,,,,455.0,3.0,,483.21,,20221127,334,480.6278571,2.582142857,
334,335_20221128__455x3,,,,,,,,455.0,3.0,,483.21,,20221128,335,482.6428571,0.5671428571,
335,336_20221129__505x1,,,,,,,,505.0,1.0,,505.0,,20221129,336,485.7557143,19.24428571,
336,337_20221130__455x3,,,,,,,,455.0,3.0,,483.21,,20221130,337,482.7214286,0.4885714286,
337,338_20221201__455x3,,,,,,,,455.0,3.0,,483.21,,20221201,338,482.7214286,0.4885714286,
338,339_20221202__455x3,,,,,,,,455.0,3.0,,483.21,,20221202,339,482.7214286,0.4885714286,
339,340_20221203__445x2,,,,,,,,445.0,2.0,,458.795,,20221203,340,482.835,-24.04,
340,341_20221204__455x2,,,,,,,,455.0,2.0,,469.105,,20221204,341,480.82,-11.715,
341,342_20221205__505x6,,,,,,,,505.0,6.0,,583.275,,20221205,342,495.115,88.16,
342,343_20221206__455x3,,,,,,,,455.0,3.0,,483.21,,20221206,343,492.0021429,-8.792142857,
343,344_20221207__455x3,,,,,,,,455.0,3.0,,483.21,,20221207,344,492.0021429,-8.792142857,
344,345_20221208__455x1,,,,,,,,455.0,1.0,,455.0,,20221208,345,487.9721429,-32.97214286,
345,346_20221209__455x1,,,,,,,,455.0,1.0,,455.0,,20221209,346,483.9421429,-28.94214286,
346,347_20221210__455x1,,,,,,,,455.0,1.0,,455.0,,20221210,347,483.4,-28.4,
347,348_20221211__455x3,,,,,,,,455.0,3.0,,483.21,,20221211,348,485.415,-2.205,
348,349_20221212__455x3,,,,,,,,455.0,3.0,,483.21,,20221212,349,471.12,12.09,
349,350_20221213__455x1,,,,,,,,455.0,1.0,,455.0,,20221213,350,467.09,-12.09,
350,351_20221214__455x1,,,,,,,,455.0,1.0,,455.0,,20221214,351,463.06,-8.06,
351,352_20221215__455x1,,,,,,,,455.0,1.0,,455.0,,20221215,352,463.06,-8.06,
352,353_20221216__455x1,,,,,,,,455.0,1.0,,455.0,,20221216,353,463.06,-8.06,
353,354_20221217__505x1,,,,,,,,505.0,1.0,,505.0,,20221217,354,470.2028571,34.79714286,
354,355_20221218__505x1,,,,,,,,505.0,1.0,,505.0,,20221218,355,473.3157143,31.68428571,
355,356_20221219__505x1,,,,,,,,505.0,1.0,,505.0,,20221219,356,476.4285714,28.57142857,
356,357_20221220__505x1,,,,,,,,505.0,1.0,,505.0,,20221220,357,483.5714286,21.42857143,
357,358_20221221__505x1,,,,,,,,505.0,1.0,,505.0,,20221221,358,490.7142857,14.28571429,
358,359_20221222__505x1,,,,,,,,505.0,1.0,,505.0,,20221222,359,497.8571429,7.142857143,
359,360_20221223__505x1,,,,,,,,505.0,1.0,,505.0,,20221223,360,505.0,0.0,
360,361_20221224__505x1,,,,,,,,505.0,1.0,,505.0,,20221224,361,505.0,0.0,
361,362_20221225__505x1,,,,,,,,505.0,1.0,,505.0,,20221225,362,505.0,0.0,
362,363_20221226__505x1,,,,,,,,505.0,1.0,,505.0,,20221226,363,505.0,0.0,
363,364_20221227__505x1,,,,,,,,505.0,1.0,,505.0,,20221227,364,505.0,0.0,
364,365_20221228__505x1,,,,,,,,505.0,1.0,,505.0,,20221228,365,505.0,0.0,
365,366_20221229__505x1,,,,,,,,505.0,1.0,,505.0,,20221229,366,505.0,0.0,
366,367_20221230__505x1,,,,,,,,505.0,1.0,,505.0,,20221230,367,505.0,0.0,
367,368_20221231__455x1,,,,,,,,455.0,1.0,,455.0,,20221231,368,497.8571429,-42.85714286,
368,369_20230101__455x2,,,S,0,0.0,1.0,0.0,455.0,2.0,,469.105,,20230101,369,492.7292857,-23.62428571,
369,370_20230102__455x3,,,S,0,0.0,0.0,0.0,455.0,3.0,,483.21,,20230102,370,489.6164286,-6.406428571,
370,371_20230103__455x2,,,M,0,0.0,0.0,0.0,455.0,2.0,,469.105,,20230103,371,484.4885714,-15.38357143,
371,372_20230104__455x3,,,S,0,0.0,0.0,1.0,455.0,3.0,,483.21,,20230104,372,481.3757143,1.834285714,
372,373_20230105__475x1,,,S,0,0.0,0.0,0.0,475.0,1.0,,475.0,,20230105,373,477.09,-2.09,
373,374_20230106__455x1,,,M,1,0.0,0.0,0.0,455.0,1.0,,455.0,,20230106,374,469.9471429,-14.94714286,
374,375_20230107__525x2,,,S,0,0.0,0.0,0.0,525.0,2.0,,541.275,,20230107,375,482.2721429,59.00285714,
375,376_20230108__475x1,,,M,0,0.0,0.0,0.0,475.0,1.0,,475.0,,20230108,376,483.1142857,-8.114285714,
376,377_20230109__455x2,,,S,0,0.0,0.0,0.0,455.0,2.0,,469.105,,20230109,377,481.0992857,-11.99428571,
377,378_20230110__505x1,,,S,0,0.0,0.0,0.0,505.0,1.0,,505.0,,20230110,378,486.2271429,18.77285714,
378,379_20230111__505x2,,,M,0,0.0,0.0,0.0,505.0,2.0,,520.655,,20230111,379,491.5764286,29.07857143,
379,380_20230112__455x3,,,S,0,0.0,0.0,1.0,455.0,3.0,,483.21,,20230112,380,492.7492857,-9.539285714,
380,381_20230113__455x4,,,S,0,0.0,0.0,0.0,455.0,4.0,,497.315,,20230113,381,498.7942857,-1.479285714,
381,382_20230114__475x2,,,M,0,0.0,1.0,0.0,475.0,2.0,,489.725,,20230114,382,491.43,-1.705,
382,383_20230115__455x3,,,S,0,0.0,0.0,0.0,455.0,3.0,,483.21,,20230115,383,492.6028571,-9.392857143,
383,384_20230116__505x2,,,S,0,0.0,0.0,0.0,505.0,2.0,,520.655,,20230116,384,499.9671429,20.68785714,
384,385_20230117__475x2,,,M,0,0.0,0.0,0.0,475.0,2.0,,489.725,,20230117,385,497.785,-8.06,
385,386_20230118__475x3,,,S,0,0.0,0.0,0.0,475.0,3.0,,504.45,,20230118,386,495.47,8.98,
386,387_20230119__455x5,,,S,0,0.0,0.0,0.0,455.0,5.0,,511.42,,20230119,387,499.5,11.92,
387,388_20230120__455x3,,,S,0,0.0,0.0,0.0,455.0,3.0,,483.21,,20230120,388,497.485,-14.275,
388,389_20230121__455x3,,,S,0,0.0,0.0,0.0,455.0,3.0,,483.21,,20230121,389,496.5542857,-13.34428571,
389,390_20230122__455x1,,,S,1,0.0,0.0,0.0,455.0,1.0,,455.0,,20230122,390,492.5242857,-37.52428571,
390,391_20230123__455x3,,,S,0,0.0,0.0,0.0,455.0,3.0,,483.21,,20230123,391,487.175,-3.965,
391,392_20230124__475x3,,,S,0,0.0,0.0,0.0,475.0,3.0,,504.45,,20230124,392,489.2785714,15.17142857,
392,393_20230125__455x1,,,S,0,0.0,0.0,0.0,455.0,1.0,,455.0,,20230125,393,482.2142857,-27.21428571,
393,394_20230126__455x1,,,M,0,0.0,0.0,0.0,455.0,1.0,,455.0,,20230126,394,474.1542857,-19.15428571,
394,395_20230127__455x1,,,S,0,0.0,0.0,0.0,455.0,1.0,,455.0,,20230127,395,470.1242857,-15.12428571,
395,396_20230128__545x2,,,M,0,0.0,0.0,0.0,545.0,2.0,,561.895,,20230128,396,481.365,80.53,
396,397_20230129__455x2,,,S,0,0.0,0.0,0.0,455.0,2.0,,469.105,,20230129,397,483.38,-14.275,
397,398_20230130__475x2,,,S,0,0.0,0.0,0.0,475.0,2.0,,489.725,,20230130,398,484.3107143,5.414285714,
398,399_20230131__475x2,,,S,0,0.0,0.0,0.0,475.0,2.0,,489.725,,20230131,399,482.2071429,7.517857143,
399,400_20230201__455x4,,,S,0,0.0,0.0,0.0,455.0,4.0,,497.315,,20230201,400,488.2521429,9.062857143,
400,401_20230202__455x1,,,S,0,0.0,0.0,0.0,455.0,1.0,,455.0,,20230202,401,488.2521429,-33.25214286,
401,402_20230203__455x2,,,S,0,0.0,0.0,0.0,455.0,2.0,,469.105,,20230203,402,490.2671429,-21.16214286,
402,403_20230204__455x1,,,S,0,0.0,0.0,0.0,455.0,1.0,,455.0,,20230204,403,474.9964286,-19.99642857,
403,404_20230205__455x1,,,S,0,0.0,0.0,0.0,455.0,1.0,,455.0,,20230205,404,472.9814286,-17.98142857,
404,405_20230206__455x1,,,M,0,0.0,0.0,0.0,455.0,1.0,,455.0,,20230206,405,468.0207143,-13.02071429,
405,406_20230207__455x1,,,S,0,0.0,0.0,0.0,455.0,1.0,,455.0,,20230207,406,463.06,-8.06,
406,407_20230208__505x2,,,M,0,0.0,0.0,0.0,505.0,2.0,,520.655,,20230208,407,466.3942857,54.26071429,
407,408_20230209__455x1,,,S,0,0.0,0.0,0.0,455.0,1.0,,455.0,,20230209,408,466.3942857,-11.39428571,
408,409_20230210__505x1,,,S,0,1.0,0.0,0.0,505.0,1.0,,505.0,,20230210,409,471.5221429,33.47785714,
409,410_20230211__505x2,,,S,0,1.0,0.0,0.0,505.0,2.0,,520.655,,20230211,410,480.9014286,39.75357143,
410,411_20230212__455x1,,,S,0,0.0,0.0,0.0,455.0,1.0,,455.0,,20230212,411,480.9014286,-25.90142857,
411,412_20230213__475x2,,,M,0,0.0,0.0,0.0,475.0,2.0,,489.725,,20230213,412,485.8621429,3.862857143,
412,413_20230214__505x1,,,M,0,0.0,0.0,1.0,505.0,1.0,,505.0,,20230214,413,493.005,11.995,
413,414_20230215__475x1,,,S,0,0.0,0.0,0.0,475.0,1.0,,475.0,,20230215,414,486.4828571,-11.48285714,
414,415_20230216__495x2,,,S,0,1.0,0.0,0.0,495.0,2.0,,510.345,,20230216,415,494.3892857,15.95571429,
415,416_20230217__475x2,,,S,0,0.0,0.0,0.0,475.0,2.0,,489.725,,20230217,416,492.2071429,-2.482142857,
416,417_20230218__525x2,,,M,0,0.0,0.0,0.0,525.0,2.0,,541.275,,20230218,417,495.1528571,46.12214286,
417,418_20230219__515x1,,,M,0,0.0,0.0,0.0,515.0,1.0,,515.0,,20230219,418,503.7242857,11.27571429,
418,419_20230220__475x3,,,S,0,0.0,0.0,0.0,475.0,3.0,,504.45,,20230220,419,505.8278571,-1.377857143,
419,420_20230221__455x4,,,S,0,1.0,0.0,0.0,455.0,4.0,,497.315,,20230221,420,504.73,-7.415,
420,421_20230222__475x1,,,M,0,0.0,0.0,0.0,475.0,1.0,,475.0,,20230222,421,504.73,-29.73,
421,422_20230223__475x1,,,S,0,0.0,0.0,0.0,475.0,1.0,,475.0,,20230223,422,499.6807143,-24.68071429,
422,423_20230224__475x2,,,M,0,0.0,0.0,0.0,475.0,2.0,,489.725,,20230224,423,499.6807143,-9.955714286,
423,424_20230225__475x2,,,M,0,0.0,1.0,0.0,475.0,2.0,,489.725,,20230225,424,492.3164286,-2.591428571,
424,425_20230226__475x2,,,S,0,0.0,0.0,0.0,475.0,2.0,,489.725,,20230226,425,488.7057143,1.019285714,
425,426_20230227__475x1,,,S,0,0.0,0.0,0.0,475.0,1.0,,475.0,,20230227,426,484.4985714,-9.498571429,
426,427_20230228__505x2,,,S,0,1.0,0.0,0.0,505.0,2.0,,520.655,,20230228,427,487.8328571,32.82214286,
427,428_20230301__475x1,,,M,0,0.0,0.0,0.0,475.0,1.0,,475.0,,20230301,428,487.8328571,-12.83285714,
428,429_20230302__475x4,,,S,0,1.0,0.0,0.0,475.0,4.0,,519.175,,20230302,429,494.1435714,25.03142857,
429,430_20230303__475x1,,,M,0,0.0,0.0,0.0,475.0,1.0,,475.0,,20230303,430,492.04,-17.04,
430,431_20230304__475x1,,,M,0,0.0,0.0,0.0,475.0,1.0,,475.0,,20230304,431,489.9364286,-14.93642857,
431,432_20230305__455x3,,,S,0,0.0,0.0,0.0,455.0,3.0,,483.21,,20230305,432,489.0057143,-5.795714286,
432,433_20230306__455x2,,,S,0,1.0,0.0,0.0,455.0,2.0,,469.105,,20230306,433,488.1635714,-19.05857143,
433,434_20230307__455x2,,,S,0,1.0,0.0,0.0,455.0,2.0,,469.105,,20230307,434,480.7992857,-11.69428571,
434,435_20230308__455x1,,,S,0,0.0,0.0,0.0,455.0,1.0,,455.0,,20230308,435,477.9421429,-22.94214286,
435,436_20230309__505x1,,,S,0,1.0,0.0,0.0,505.0,1.0,,505.0,,20230309,436,475.9171429,29.08285714,
436,437_20230310__475x2,,,M,0,0.0,0.0,0.0,475.0,2.0,,489.725,,20230310,437,478.0207143,11.70428571,
437,438_20230311__455x3,,,S,0,0.0,0.0,0.0,455.0,3.0,,483.21,,20230311,438,479.1935714,4.016428571,
438,439_20230312__555x1,,,M,0,0.0,0.0,0.0,555.0,1.0,,555.0,,20230312,439,489.4492857,65.55071429,
439,440_20230313__455x4,,,S,0,1.0,0.0,0.0,455.0,4.0,,497.315,,20230313,440,493.4792857,3.835714286,
440,441_20230314__475x1,,,M,0,0.0,0.0,0.0,475.0,1.0,,475.0,,20230314,441,494.3214286,-19.32142857,
441,442_20230315__475x1,,,M,0,0.0,0.0,0.0,475.0,1.0,,475.0,,20230315,442,497.1785714,-22.17857143,
442,443_20230316__455x4,,,S,0,1.0,0.0,0.0,455.0,4.0,,497.315,,20230316,443,496.0807143,1.234285714,
443,444_20230317__475x1,,,M,0,0.0,0.0,0.0,475.0,1.0,,475.0,,20230317,444,493.9771429,-18.97714286,
444,445_20230318__475x1,,,M,0,0.0,0.0,0.0,475.0,1.0,,475.0,,20230318,445,492.8042857,-17.80428571,
445,446_20230319__475x1,,,M,0,0.0,0.0,0.0,475.0,1.0,,475.0,,20230319,446,481.3757143,-6.375714286,
446,447_20230320__455x2,,,S,0,1.0,0.0,0.0,455.0,2.0,,469.105,,20230320,447,477.3457143,-8.240714286,
447,448_20230321__455x2,,,M,0,0.0,0.0,0.0,455.0,2.0,,469.105,,20230321,448,476.5035714,-7.398571429,
448,449_20230322__455x2,,,M,0,0.0,0.0,0.0,455.0,2.0,,469.105,,20230322,449,475.6614286,-6.556428571,
449,450_20230323__455x4,,,S,0,1.0,0.0,0.0,455.0,4.0,,497.315,,20230323,450,475.6614286,21.65357143,
450,451_20230324__455x3,,,M,0,1.0,0.0,0.0,455.0,3.0,,483.21,,20230324,451,476.8342857,6.375714286,
451,452_20230325__455x3,,,M,0,0.0,0.0,0.0,455.0,3.0,,483.21,,20230325,452,478.0071429,5.202857143,
452,453_20230326__505x1,,,M,0,0.0,0.0,0.0,505.0,1.0,,505.0,,20230326,453,482.2928571,22.70714286,
453,454_20230327__455x3,,,M,0,1.0,0.0,0.0,455.0,3.0,,483.21,,20230327,454,484.3078571,-1.097857143,
454,455_20230328__455x2,,,M,0,0.0,0.0,0.0,455.0,2.0,,469.105,,20230328,455,484.3078571,-15.20285714,
455,456_20230329__455x2,,,M,0,0.0,0.0,0.0,455.0,2.0,,469.105,,20230329,456,484.3078571,-15.20285714,
456,457_20230330__505x2,,,M,0,0.0,0.0,0.0,505.0,2.0,,520.655,,20230330,457,487.6421429,33.01285714,
457,458_20230331__445x1,,,M,0,0.0,0.0,0.0,445.0,1.0,,445.0,,20230331,458,482.1835714,-37.18357143,
458,459_20230401__485x3,,,M,0,0.0,0.0,0.0,485.0,3.0,,515.07,,20230401,459,486.735,28.335,
459,460_20230402__455x1,,,M,0,0.0,0.0,0.0,455.0,1.0,,455.0,,20230402,460,479.5921429,-24.59214286,
460,461_20230403__425x3,,,M,0,0.0,0.0,0.0,425.0,3.0,,451.35,,20230403,461,475.0407143,-23.69071429,
461,462_20230404__405x2,,,M,0,0.0,0.0,0.0,405.0,2.0,,417.555,,20230404,462,467.6764286,-50.12142857,
462,463_20230405__405x1,,,DO,0,0.0,0.0,0.0,405.0,1.0,,405.0,,20230405,463,458.5185714,-53.51857143,
463,464_20230406__405x1,,,S,0,0.0,0.0,0.0,405.0,1.0,,405.0,,20230406,464,441.9964286,-36.99642857,
464,465_20230407__415x2,,,M,0,0.0,0.0,0.0,415.0,2.0,,427.865,,20230407,465,439.5485714,-11.68357143,
465,466_20230408__405x1,,,M,1,0.0,0.0,0.0,405.0,1.0,,405.0,,20230408,466,423.8242857,-18.82428571,
466,467_20230409__415x3,,,M,0,0.0,0.0,0.0,415.0,3.0,,440.73,,20230409,467,421.7857143,18.94428571,
467,468_20230410__455x3,,,M,0,0.0,0.0,0.0,455.0,3.0,,483.21,,20230410,468,426.3371429,56.87285714,
468,469_20230411__425x2,,,S,0,0.0,0.0,0.0,425.0,2.0,,438.175,,20230411,469,429.2828571,8.892142857,
469,470_20230412__475x1,,,M,0,0.0,0.0,0.0,475.0,1.0,,475.0,,20230412,470,439.2828571,35.71714286,
470,471_20230413__405x1,,,M,1,0.0,0.0,0.0,405.0,1.0,,405.0,,20230413,471,439.2828571,-34.28285714,
471,472_20230414__455x3,DJI,,M,0,0.0,0.0,0.0,455.0,3.0,,483.21,,20230414,472,447.1892857,36.02071429,
472,473_20230415__425x2,DJI,,S,0,0.0,0.0,0.0,425.0,2.0,,438.175,,20230415,473,451.9285714,-13.75357143,
473,474_20230416__415x3,,,S,0,0.0,0.0,0.0,415.0,3.0,,440.73,,20230416,474,451.9285714,-11.19857143,
474,475_20230417__415x3,,,S,0,0.0,0.0,0.0,415.0,3.0,,440.73,,20230417,475,445.86,-5.13,
475,476_20230418__415x2,,,M,0,0.0,0.0,0.0,415.0,2.0,,427.865,,20230418,476,444.3871429,-16.52214286,
476,477_20230419__475x2,,,M,0,1.0,0.0,0.0,475.0,2.0,,489.725,,20230419,477,446.4907143,43.23428571,
477,478_20230420__415x1,,,M,1,0.0,0.0,0.0,415.0,1.0,,415.0,,20230420,478,447.9192857,-32.91928571,
478,479_20230421__405x2,,,DO,0,1.0,0.0,0.0,405.0,2.0,,417.555,,20230421,479,438.54,-20.985,
479,480_20230422__415x3,,,S,0,0.0,0.0,0.0,415.0,3.0,,440.73,,20230422,480,438.905,1.825,
480,481_20230423__415x2,,,M,1,0.0,0.0,0.0,415.0,2.0,,427.865,,20230423,481,437.0671429,-9.202142857,
481,482_20230424__425x1,,,M,1,0.0,0.0,0.0,425.0,1.0,,425.0,,20230424,482,434.82,-9.82,
482,483_20230425__425x1,,,M,0,0.0,0.0,0.0,425.0,1.0,,425.0,,20230425,483,434.4107143,-9.410714286,
483,484_20230426__535x1,,,M,0,0.0,0.0,0.0,535.0,1.0,,535.0,,20230426,484,440.8785714,94.12142857,
484,485_20230427__415x1,,,S,1,0.0,0.0,0.0,415.0,1.0,,415.0,,20230427,485,440.8785714,-25.87857143,
485,486_20230428__415x1,,,S,1,0.0,0.0,0.0,415.0,1.0,,415.0,,20230428,486,440.5135714,-25.51357143,
486,487_20230429__485x1,,,M,0,0.0,0.0,0.0,485.0,1.0,,485.0,,20230429,487,446.8378571,38.16214286,
487,488_20230430__405x1,,,M,0,0.0,0.0,0.0,405.0,1.0,,405.0,,20230430,488,443.5714286,-38.57142857,
488,489_20230501__405x1,,,S,1,0.0,0.0,0.0,405.0,1.0,,405.0,,20230501,489,440.7142857,-35.71428571,
489,490_20230502__405x1,,,M,1,0.0,0.0,0.0,405.0,1.0,,405.0,,20230502,490,437.8571429,-32.85714286,
490,491_20230503__405x1,,,S,1,0.0,0.0,0.0,405.0,1.0,,405.0,,20230503,491,419.2857143,-14.28571429,
491,492_20230504__405x1,,,M,1,0.0,0.0,0.0,405.0,1.0,,405.0,,20230504,492,417.8571429,-12.85714286,
492,493_20230505__415x1,,,M,1,0.0,0.0,0.0,415.0,1.0,,415.0,,20230505,493,417.8571429,-2.857142857,
493,494_20230506__540x1,,,M,0,0.0,0.0,0.0,540.0,1.0,,540.0,,20230506,494,425.7142857,114.2857143,
494,495_20230507__405x1,,,M,1,0.0,0.0,0.0,405.0,1.0,,405.0,,20230507,495,425.7142857,-20.71428571,
495,496_20230508_926_405x1,,"3x10 strict/push press (5 strict, 5 push) at 135",DO,1,1.0,0.0,0.0,405.0,1.0,926,405.0,,20230508,496,425.7142857,-20.71428571,
496,497_20230509_1318_405x1,,,M,1,0.0,0.0,0.0,405.0,1.0,1318,405.0,,20230509,497,425.7142857,-20.71428571,
497,498_20230510_1917_405x1,,,M,1,0.0,0.0,0.0,405.0,1.0,1917,405.0,,20230510,498,425.7142857,-20.71428571,
498,499_20230511_1805_405x1,,,M,1,0.0,0.0,0.0,405.0,1.0,1805,405.0,,20230511,499,425.7142857,-20.71428571,
499,500_20230512_1406_405x1,,,M,1,0.0,0.0,0.0,405.0,1.0,1406,405.0,,20230512,500,424.2857143,-19.28571429,
500,501_20230513_1347_405x1,,,M,1,0.0,0.0,0.0,405.0,1.0,1347,405.0,,20230513,501,405.0,0.0,
501,502_20230514_1518_405x1,,,M,1,0.0,0.0,0.0,405.0,1.0,1518,405.0,,20230514,502,405.0,0.0,
502,503_20230515_702_405x1,,REALTIME 545 AM,M,1,0.0,0.0,0.0,405.0,1.0,702,405.0,,20230515,503,405.0,0.0,
503,504_20230516_1459_405x1,,,M,0,0.0,0.0,0.0,405.0,1.0,1459,405.0,,20230516,504,405.0,0.0,
504,505_20230517_1459_405x1,,,M,1,0.0,0.0,0.0,405.0,1.0,1459,405.0,,20230517,505,405.0,0.0,
505,506_20230518_1210_405x1,,,M,1,1.0,0.0,0.0,405.0,1.0,1210,405.0,,20230518,506,405.0,0.0,
506,507_20230519_1634_405x1,,,M,1,0.0,0.0,0.0,405.0,1.0,1634,405.0,,20230519,507,405.0,0.0,
507,508_20230520_1822_405x1,,,DO,1,0.0,0.0,0.0,405.0,1.0,1822,405.0,,20230520,508,405.0,0.0,
508,509_20230521_1817_405x3,,,M,1,0.0,0.0,0.0,405.0,3.0,1817,430.11,,20230521,509,408.5871429,21.52285714,
509,510_20230522_1231_425x1,,,M,1,1.0,0.0,0.0,425.0,1.0,1231,425.0,,20230522,510,411.4442857,13.55571429,
510,511_20230523_2059_405x1,,,M,1,0.0,0.0,1.0,405.0,1.0,2059,405.0,,20230523,511,411.4442857,-6.444285714,
511,512_20230524_1218_415x1,,,DO,0,0.0,0.0,0.0,415.0,1.0,1218,415.0,,20230524,512,412.8728571,2.127142857,
512,513_20230525__405x1,,,M,1,0.0,0.0,0.0,405.0,1.0,,405.0,,20230525,513,412.8728571,-7.872857143,
514,515_20230527_1538_425x2,DJI,,M,0,0.0,0.0,0.0,425.0,2.0,1538,438.175,,20230527,515,419.7141667,18.46083333,
515,516_20230528_1214_415x1,Phone,Done at Mom's House!,M,0,1.0,0.0,0.0,415.0,1.0,1214,415.0,,20230528,516,417.1958333,-2.195833333,
516,517_20230529_1901_455x1,DJI,,M,0,0.0,0.0,0.0,455.0,1.0,1901,455.0,,20230529,517,422.1958333,32.80416667,
517,518_20230530__415x1,,,M,0,1.0,0.0,0.0,415.0,1.0,,415.0,,20230530,518,423.8625,-8.8625,
518,519_20230531__405x1,,"After running home, tired AF",M,0,0.0,0.0,0.0,405.0,1.0,,405.0,,20230531,519,422.1958333,-17.19583333,
519,520_20230601__405x1,,,M,0,1.0,0.0,1.0,405.0,1.0,,405.0,,20230601,520,422.1958333,-17.19583333,
520,521_20230602__415x1,,,M,1,1.0,0.0,0.0,415.0,1.0,,415.0,,20230602,521,421.1678571,-6.167857143,
521,522_20230603__405x1,,Didn't record the first tiem so had to do it twice,M,1,0.0,0.0,1.0,405.0,1.0,,405.0,,20230603,522,416.4285714,-11.42857143,
522,523_20230604__405x5,,"Did after squatting, am tired",S,0,0.0,0.0,0.0,405.0,5.0,,455.22,,20230604,523,422.1742857,33.04571429,
523,524_20230605_1732_405x1,DJI,,M,1,0.0,0.0,0.0,405.0,1.0,1732,405.0,,20230605,524,415.0314286,-10.03142857,
524,525_20230606_1247_405x5,DJI,,S,0,1.0,0.0,0.0,405.0,5.0,1247,455.22,,20230606,525,420.7771429,34.44285714,
525,526_20230607_545_405x1,Phone,"Did at 5:45:15 AM, new record",M,0,0.0,0.0,0.0,405.0,1.0,545,405.0,,20230607,526,420.7771429,-15.77714286,
526,527_20230608_537_405x1,Phone,,S,0,0.0,0.0,0.0,405.0,1.0,537,405.0,,20230608,527,420.7771429,-15.77714286,
527,528_20230609_1259_415x1,Phone,,S,1,0.0,0.0,1.0,415.0,1.0,1259,415.0,,20230609,528,420.7771429,-5.777142857,
528,529_20230610_1537_405x2,Phone,,M,0,0.0,0.0,0.0,405.0,2.0,1537,417.555,,20230610,529,422.5707143,-5.015714286,
529,530_20230611_1415_405x1,DJI,,H,1,0.0,0.0,0.0,405.0,1.0,1415,405.0,,20230611,530,415.3964286,-10.39642857,
530,531_20230612_1455_405x5,DJI,,S,0,1.0,0.0,0.0,405.0,5.0,1455,455.22,,20230612,531,422.5707143,32.64928571,
531,532_20230613_1359_405x1,DJI,,M,1,0.0,0.0,0.0,405.0,1.0,1359,405.0,,20230613,532,415.3964286,-10.39642857,
532,533_20230614_1323_425x2,DJI,,M,0,0.0,0.0,0.0,425.0,2.0,1323,438.175,,20230614,533,420.1357143,18.03928571,
533,534_20230615_1215_405x2,DJI,TPS Malden,DO,1,1.0,0.0,0.0,405.0,2.0,1215,417.555,,20230615,534,421.9292857,-4.374285714,
534,535_20230616_1337_425x2,DJI,,S,0,0.0,0.0,0.0,425.0,2.0,1337,438.175,,20230616,535,425.24,12.935,
535,536_20230617_1901_425x2,DJI,,S,0,0.0,0.0,0.0,425.0,2.0,1901,438.175,,20230617,536,428.1857143,9.989285714,
536,537_20230618_1451_425x3,Phone,,S,0,0.0,0.0,1.0,425.0,3.0,1451,451.35,,20230618,537,434.8071429,16.54285714,
537,538_20230619_1437_425x2,DJI,,S,1,0.0,0.0,0.0,425.0,2.0,1437,438.175,,20230619,538,432.3721429,5.802857143,
538,539_20230620_1607_425x1,DJI,,M,1,0.0,0.0,0.0,425.0,1.0,1607,425.0,,20230620,539,435.2292857,-10.22928571,
539,540_20230621__405x1,,did after running 5.5 miles,S,0,0.0,0.0,0.0,405.0,1.0,,405.0,,20230621,540,430.49,-25.49,
540,541_20230622__475x1,,,M,1,0.0,0.0,0.0,475.0,1.0,,475.0,,20230622,541,438.6964286,36.30357143,
541,542_20230623__405x2,,,M,1,0.0,0.0,0.0,405.0,2.0,,417.555,,20230623,542,435.7507143,-18.19571429,
542,543_20230624__405x2,,,M,1,1.0,0.0,0.0,405.0,2.0,,417.555,,20230624,543,432.805,-15.25,
543,544_20230625__425x5,,,S,0,0.0,0.0,0.0,425.0,5.0,,477.7,,20230625,544,436.5692857,41.13071429,
544,545_20230626__425x1,,,M,1,0.0,0.0,0.0,425.0,1.0,,425.0,,20230626,545,434.6871429,-9.687142857,
545,546_20230627__425x5,,,S,0,0.0,0.0,0.0,425.0,5.0,,477.7,,20230627,546,442.2157143,35.48428571,
546,547_20230628__435x2,,,M,1,1.0,0.0,0.0,435.0,2.0,,448.485,,20230628,547,448.4278571,0.05714285714,
547,548_20230629__425x1,,,M,1,1.0,0.0,0.0,425.0,1.0,,425.0,,20230629,548,441.285,-16.285,
548,549_20230630__425x1,,,M,1,1.0,0.0,0.0,425.0,1.0,,425.0,,20230630,549,442.3485714,-17.34857143,
549,550_20230701__425x1,,,M,1,0.0,0.0,0.0,425.0,1.0,,425.0,,20230701,550,443.4121429,-18.41214286,
550,551_20230702__425x3,,,M,0,0.0,0.0,0.0,425.0,3.0,,451.35,,20230702,551,439.6478571,11.70214286,
551,552_20230703__425x4,,,S,0,0.0,0.0,0.0,425.0,4.0,,464.525,,20230703,552,445.2942857,19.23071429,
552,553_20230704__505x3,,,S,0,0.0,0.0,0.0,505.0,3.0,,536.31,,20230704,553,453.6671429,82.64285714,
554,555_20230706_2024_405x1,DJI,,M,1,0.0,0.0,0.0,405.0,1.0,2024,405.0,,20230706,555,451.1975,-46.1975,
555,556_20230707_423_405x1,Phone,earliest deadlift day so far!!!,M,0,0.0,0.0,0.0,405.0,1.0,423,405.0,,20230707,556,447.8641667,-42.86416667,
556,557_20230708_1240_405x2,DJI,,M,0,0.0,0.0,0.0,405.0,2.0,1240,417.555,,20230708,557,446.6233333,-29.06833333,
557,558_20230709_1117_405x1,DJI,,M,0,0.0,0.0,0.0,405.0,1.0,1117,405.0,,20230709,558,438.8983333,-33.89833333,
558,559_20230710_1335_405x1,DJI,,M,1,0.0,0.0,0.0,405.0,1.0,1335,405.0,,20230710,559,428.9775,-23.9775,
559,560_20230711_1543_405x2,DJI,,S,1,0.0,0.0,0.0,405.0,2.0,1543,417.555,,20230711,560,409.185,8.37,
560,561_20230712_1503_405x1,DJI,,M,1,0.0,0.0,0.0,405.0,1.0,1503,405.0,,20230712,561,408.5871429,-3.587142857,
562,563_20230714_1605_405x10,DJI,,S,1,0.0,0.0,0.0,405.0,10.0,1605,517.995,,20230714,563,428.0175,89.9775,
565,566_20230717_1255_405x1,DJI,MIT Gym,M,1,1.0,0.0,0.0,405.0,1.0,1255,405.0,,20230717,566,436.3875,-31.3875,
571,572_20230723_1604_405x1,DJI,,M,1,0.0,0.0,1.0,405.0,1.0,1604,405.0,,20230723,572,405.0,0.0,
573,574_20230725_1615_415x1,DJI,,S,0,1.0,0.0,0.0,415.0,1.0,1615,415.0,,20230725,574,410.0,5.0,
574,575_20230726_1715_405x3,DJI,,S,1,0.0,0.0,0.0,405.0,3.0,1715,430.11,,20230726,575,416.7033333,13.40666667,
575,576_20230727_1355_405x1,DJI,,M,1,0.0,0.0,0.0,405.0,1.0,1355,405.0,,20230727,576,413.7775,-8.7775,
576,577_20230728_1750_405x1,DJI,after a run,M,1,0.0,0.0,0.0,405.0,1.0,1750,405.0,,20230728,577,412.022,-7.022,
577,578_20230729_1353_405x1,DJI,,S,1,0.0,0.0,0.0,405.0,1.0,1353,405.0,,20230729,578,410.8516667,-5.851666667,
579,580_20230731_1851_425x1,DJI,,H,0,0.0,0.0,0.0,425.0,1.0,1851,425.0,,20230731,580,414.185,10.815,
580,581_20230801_1553_405x2,DJI,,S,0,0.0,0.0,0.0,405.0,2.0,1553,417.555,,20230801,581,414.6108333,2.944166667,
581,582_20230802_2040_405x1,DJI,,H,0,0.0,0.0,0.0,405.0,1.0,2040,405.0,,20230802,582,410.4258333,-5.425833333,
582,583_20230803_2004_405x1,DJI,,S,1,0.0,0.0,0.0,405.0,1.0,2004,405.0,,20230803,583,410.4258333,-5.425833333,
583,584_20230804_1204_405x2,DJI,,S,1,0.0,0.0,0.0,405.0,2.0,1204,417.555,,20230804,584,412.5183333,5.036666667,
591,592_20230812_1450_405x1,DJI,,H,1,0.0,0.0,0.0,405.0,1.0,1450,405.0,,20230812,592,405.0,0.0,
592,593_20230813_1418_405x1,DJI,,H,1,0.0,0.0,0.0,405.0,1.0,1418,405.0,,20230813,593,405.0,0.0,
594,595_20230815_1558_405x1,DJI,talking on phone while lifting,H,1,0.0,0.0,0.0,405.0,1.0,1558,405.0,,20230815,595,405.0,0.0,
595,596_20230816_1400_405x1,DJI,,H,1,0.0,0.0,0.0,405.0,1.0,1400,405.0,,20230816,596,405.0,0.0,
596,597_20230817_1058_405x1,DJI,check on when thesis defense happened,H,1,0.0,0.0,0.0,405.0,1.0,1058,405.0,,20230817,597,405.0,0.0,
597,598_20230818_1609_405x1,DJI,check on when ran 15 miles,S,0,0.0,0.0,0.0,405.0,1.0,1609,405.0,,20230818,598,405.0,0.0,
600,601_20230821_1717_405x1,DJI,,H,0,0.0,0.0,0.0,405.0,1.0,1717,405.0,,20230821,601,405.0,0.0,
601,602_20230822_1603_405x2,DJI,,S,1,0.0,0.0,0.0,405.0,2.0,1603,417.555,,20230822,602,407.511,10.044,
604,605_20230825_2120_405x1,DJI,,H,1,0.0,0.0,0.0,405.0,1.0,2120,405.0,,20230825,605,409.185,-4.185,
605,606_20230826_1845_405x2,DJI,,S,1,0.0,0.0,0.0,405.0,2.0,1845,417.555,,20230826,606,411.2775,6.2775,
607,608_20230828_1901_405x4,DJI,,S,1,0.0,0.0,0.0,405.0,4.0,1901,442.665,,20230828,608,420.69375,21.97125,
608,609_20230829_1316_405x2,DJI,,S,1,0.0,0.0,0.0,405.0,2.0,1316,417.555,,20230829,609,420.69375,-3.13875,
616,617_20230906_659_405x1,DJI,Good video of lifting in tight space,S,1,0.0,0.0,0.0,405.0,1.0,659,405.0,,20230906,617,405.0,0.0,
628,629_20230918_1733_405x1,DJI,First day of LL ?,H,1,0.0,0.0,0.0,405.0,1.0,1733,405.0,,20230918,629,405.0,0.0,
631,632_20230921_2007_405x1,DJI,,H,1,0.0,0.0,0.0,405.0,1.0,2007,405.0,,20230921,632,405.0,0.0,
632,633_20230922_1856_405x2,DJI,Possibly first work clothes lift,S,1,0.0,0.0,0.0,405.0,2.0,1856,417.555,,20230922,633,409.185,8.37,
633,634_20230923_2044_405x2,DJI,,S,1,0.0,0.0,0.0,405.0,2.0,2044,417.555,,20230923,634,411.2775,6.2775,
634,635_20230924_1811_405x3,DJI,,S,1,0.0,0.0,0.0,405.0,3.0,1811,430.11,,20230924,635,415.044,15.066,
640,641_20230930_1113_405x3,DJI,,S,1,0.0,0.0,0.0,405.0,3.0,1113,430.11,,20230930,641,430.11,0.0,
670,671_20231030_727_405x1,DJI,,H,1,0.0,0.0,0.0,405.0,1.0,727,405.0,,20231030,671,405.0,0.0,
671,672_20231031_1814_405x1,DJI,,H,1,0.0,0.0,0.0,405.0,1.0,1814,405.0,,20231031,672,405.0,0.0,
674,675_20231103_1750_405x1,DJI,,H,1,0.0,0.0,0.0,405.0,1.0,1750,405.0,,20231103,675,405.0,0.0,
701,702_20231130_1458_435x2,DJI,Haley Bday,S,0,0.0,0.0,0.0,435.0,2.0,1458,448.485,,20231130,702,448.485,0.0,
702,703_20231201_1704_435x1,DJI,,S,1,0.0,0.0,0.0,435.0,1.0,1704,435.0,,20231201,703,441.7425,-6.7425,
713,714_20231212_725_455x1,DJI,,S,1,0.0,0.0,0.0,455.0,1.0,725,455.0,,20231212,714,455.0,0.0,
714,715_20231213_1725_505x1,DJI,,S,0,0.0,0.0,0.0,505.0,1.0,1725,505.0,,20231213,715,480.0,25.0,
715,716_20231214_1844_505x1,DJI,,S,0,0.0,0.0,0.0,505.0,1.0,1844,505.0,,20231214,716,488.3333333,16.66666667,
716,717_20231215_1643_505x1,DJI,,S,0,0.0,0.0,0.0,505.0,1.0,1643,505.0,,20231215,717,492.5,12.5,
717,718_20231216_1850_505x1,DJI,,S,0,0.0,0.0,0.0,505.0,1.0,1850,505.0,,20231216,718,495.0,10.0,
718,719_20231217_1218_505x1,DJI,,S,0,0.0,0.0,0.0,505.0,1.0,1218,505.0,,20231217,719,496.6666667,8.333333333,
720,721_20231219_1857_505x1,DJI,,S,0,0.0,0.0,0.0,505.0,1.0,1857,505.0,,20231219,721,505.0,0.0,
721,722_20231220_1910_505x1,DJI,,S,0,0.0,0.0,0.0,505.0,1.0,1910,505.0,,20231220,722,505.0,0.0,
722,723_20231221_1615_505x1,DJI,Anytime Fitness,S,0,1.0,0.0,0.0,505.0,1.0,1615,505.0,,20231221,723,505.0,0.0,
723,724_20231222_1419_505x2,DJI,Anytime Fitness,S,0,1.0,0.0,0.0,505.0,2.0,1419,520.655,,20231222,724,507.6091667,13.04583333,
742,743_20240110_1943_415x5,DJI,,DO,1,0.0,0.0,0.0,415.0,5.0,1943,466.46,,20240110,743,466.46,0.0,
743,744_20240111_723_415x5,DJI,,S,1,0.0,0.0,0.0,415.0,5.0,723,466.46,,20240111,744,466.46,0.0,
744,745_20240112_2026_415x5,DJI,,S,1,0.0,0.0,0.0,415.0,5.0,2026,466.46,,20240112,745,466.46,0.0,
745,746_20240113_1006_415x6,DJI,,S,1,0.0,0.0,0.0,415.0,6.0,1006,479.325,,20240113,746,469.67625,9.64875,
747,748_20240115_1520_415x6,DJI,,S,1,0.0,0.0,0.0,415.0,6.0,1520,479.325,,20240115,748,471.606,7.719,
748,749_20240116_718_415x6,DJI,,S,1,0.0,0.0,0.0,415.0,6.0,718,479.325,,20240116,749,472.8925,6.4325,
749,750_20240117_2033_415x6,DJI,,S,1,0.0,0.0,0.0,415.0,6.0,2033,479.325,,20240117,750,475.0366667,4.288333333,
750,751_20240118_1211_415x7,DJI,,S,1,0.0,0.0,0.0,415.0,7.0,1211,492.19,,20240118,751,479.325,12.865,
751,752_20240119_0031_415x7,Phone,,S,1,0.0,0.0,0.0,415.0,7.0,0031,492.19,,20240119,752,483.6133333,8.576666667,
752,753_20240120_1452_415x7,DJI,,S,1,0.0,0.0,0.0,415.0,7.0,1452,492.19,,20240120,753,485.7575,6.4325,
753,754_20240121_1502_435x7,DJI,,S,1,0.0,0.0,0.0,435.0,7.0,1502,515.91,,20240121,754,490.065,25.845,
758,759_20240126_1630_435x8,,,S,1,1.0,0.0,0.0,435.0,8.0,1630,529.395,,20240126,759,512.4983333,16.89666667,
759,760_20240127_1737_435x8,,Haley very sweet and helpful,S,1,1.0,0.0,0.0,435.0,8.0,1737,529.395,,20240127,760,524.9,4.495,
760,761_20240128_1207_405x8,DJI,,S,1,0.0,0.0,0.0,405.0,8.0,1207,492.885,,20240128,761,517.225,-24.34,
782,783_20240219_1950_405x10,DJI,,S,0,0.0,0.0,0.0,405.0,10.0,1950,517.995,,20240219,783,517.995,0.0,
800,801_20240308_1309_415x1,DJI,,S,1,1.0,0.0,0.0,415.0,1.0,1309,415.0,,20240308,801,415.0,0.0,
801,802_20240309_1638_415x1,DJI,,S,1,1.0,0.0,0.0,415.0,1.0,1638,415.0,,20240309,802,415.0,0.0,
802,803_20240310_1502_415x1,DJI,,S,1,1.0,0.0,0.0,415.0,1.0,1502,415.0,,20240310,803,415.0,0.0,
803,804_20240311_1740_415x1,DJI,,M,1,1.0,0.0,0.0,415.0,1.0,1740,415.0,,20240311,804,415.0,0.0,
804,805_20240312_1919_415x1,DJI,,M,1,1.0,0.0,0.0,415.0,1.0,1919,415.0,,20240312,805,415.0,0.0,
807,808_20240315_1629_415x1,DJI,,M,1,1.0,0.0,1.0,415.0,1.0,1629,415.0,,20240315,808,415.0,0.0,
809,810_20240317_1313_415x1,DJI,,S,1,1.0,0.0,0.0,415.0,1.0,1313,415.0,,20240317,810,415.0,0.0,
810,811_20240318_1545_415x2,DJI,,S,1,1.0,0.0,1.0,415.0,2.0,1545,427.865,,20240318,811,418.21625,9.64875,
851,852_20240428_1252_525x2,DJI,Coan Philipi,S,0,1.0,0.0,0.0,525.0,2.0,1252,541.275,,20240428,852,541.275,0.0,
854,855_20240501_553_455x1,Phone,,S,0,0.0,0.0,0.0,455.0,1.0,553,455.0,,20240501,855,498.1375,-43.1375,
855,856_20240502_526_455x1,Phone,,M,1,0.0,0.0,0.0,455.0,1.0,526,455.0,,20240502,856,483.7583333,-28.75833333,
856,857_20240503_1413_435x1,Phone,,S,0,1.0,0.0,1.0,435.0,1.0,1413,435.0,,20240503,857,471.56875,-36.56875,
859,860_20240506_542_455x1,Phone,,S,0,0.0,0.0,0.0,455.0,1.0,542,455.0,,20240506,860,450.0,5.0,
860,861_20240507_1732_455x1,,,M,1,0.0,0.0,0.0,455.0,1.0,1732,455.0,,20240507,861,451.0,4.0,
861,862_20240508_559_455x1,,,S,0,0.0,0.0,0.0,455.0,1.0,559,455.0,,20240508,862,451.0,4.0,
864,865_20240511_1331_475x1,Phone,,M,0,0.0,0.0,0.0,475.0,1.0,1331,475.0,,20240511,865,460.0,15.0,
905,906_20240621_332_405x1,Phone,!!!,S,1,0.0,0.0,0.0,405.0,1.0,332,405.0,,20240621,906,405.0,0.0,
946,947_20240801_1544_405x1,Phone,"watch this one, possum in",M,1,0.0,0.0,0.0,405.0,1.0,1544,405.0,,20240801,947,405.0,0.0,
947,948_20240802_1334_405x1,,,S,1,0.0,0.0,1.0,405.0,1.0,1334,405.0,,20240802,948,405.0,0.0,
948,949_20240803_1241_405x1,,,S,1,0.0,0.0,0.0,405.0,1.0,1241,405.0,,20240803,949,405.0,0.0,
949,950_20240804_1434_405x1,,,S,1,0.0,0.0,0.0,405.0,1.0,1434,405.0,,20240804,950,405.0,0.0,
950,951_20240805_1920_405x1,,,M,1,0.0,0.0,1.0,405.0,1.0,1920,405.0,,20240805,951,405.0,0.0,
951,952_20240806_1632_405x1,,,M,1,0.0,0.0,0.0,405.0,1.0,1632,405.0,,20240806,952,405.0,0.0,
975,976_20240830_345_405x1,,,S,1,0.0,0.0,0.0,405.0,1.0,345,405.0,,20240830,976,405.0,0.0,
985,986_20240909_314_405x1,phone,,S,1,0.0,1.0,1.0,405.0,1.0,314,405.0,,20240909,986,405.0,0.0,
996,997_20240920_512_405x1,phone,,S,1,0.0,0.0,0.0,405.0,1.0,512,405.0,,20240920,997,405.0,0.0,
1000,1001_20240924_1855_405x1,phone,,M,1,0.0,0.0,0.0,405.0,1.0,1855,405.0,,20240924,1001,405.0,0.0,
1001,1002_20240925_1738_405x2,phone,,M,1,0.0,0.0,0.0,405.0,2.0,1738,417.555,,20240925,1002,409.185,8.37,
1002,1003_20240926_1322_405x2,phone,,S,1,0.0,0.0,0.0,405.0,2.0,1322,417.555,,20240926,1003,411.2775,6.2775,
1003,1004_20240927_1130_505x1,phone,Nantucket!,M,1,1.0,0.0,0.0,505.0,1.0,1130,505.0,,20240927,1004,436.2775,68.7225,
1004,1005_20240928_921_455x1,phone,Nantucket!,M,1,1.0,0.0,0.0,455.0,1.0,921,455.0,,20240928,1005,440.022,14.978,
1005,1006_20240929_1147_455x1,phone,Nantucket!,M,1,1.0,0.0,0.0,455.0,1.0,1147,455.0,,20240929,1006,442.5183333,12.48166667,
1006,1007_20240930_1508_405x1,phone,,M,1,0.0,0.0,0.0,405.0,1.0,1508,405.0,,20240930,1007,437.1585714,-32.15857143,
1007,1008_20241001_2014_405x2,phone,,S,1,0.0,0.0,0.0,405.0,2.0,2014,417.555,,20241001,1008,438.9521429,-21.39714286,
1008,1009_20241002_1701_405x2,phone,,S,1,0.0,0.0,0.0,405.0,2.0,1701,417.555,,20241002,1009,438.9521429,-21.39714286,
1009,1010_20241003_1450_405x3,phone,,S,1,0.0,0.0,1.0,405.0,3.0,1450,430.11,,20241003,1010,440.7457143,-10.63571429,
1010,1011_20241004_1459_405x3,phone,"watch this one, haley pops in",S,1,0.0,0.0,0.0,405.0,3.0,1459,430.11,,20241004,1011,430.0471429,0.06285714286,
1011,1012_20241005_1254_405x3,phone,,S,1,0.0,0.0,0.0,405.0,3.0,1254,430.11,,20241005,1012,426.4914286,3.618571429,
1012,1013_20241006_1527_425x4,phone,,S,1,0.0,0.0,0.0,425.0,4.0,1527,464.525,,20241006,1013,427.8521429,36.67285714,
1013,1014_20241007_1926_425x4,phone,,S,1,0.0,0.0,0.0,425.0,4.0,1926,464.525,,20241007,1014,436.3557143,28.16928571,
1014,1015_20241008_1553_425x4,phone,,S,1,0.0,0.0,0.0,425.0,4.0,1553,464.525,,20241008,1015,443.0657143,21.45928571,
1015,1016_20241009_2151_425x4,phone,,S,1,0.0,0.0,0.0,425.0,4.0,2151,464.525,,20241009,1016,449.7757143,14.74928571,
1016,1017_20241010_1632_425x5,phone,,S,1,0.0,0.0,0.0,425.0,5.0,1632,477.7,,20241010,1017,456.5742857,21.12571429,
1017,1018_20241011_1621_425x5,phone,,S,1,0.0,0.0,0.0,425.0,5.0,1621,477.7,,20241011,1018,463.3728571,14.32714286,
1018,1019_20241012_1523_425x5,phone,,S,1,0.0,0.0,0.0,425.0,5.0,1523,477.7,,20241012,1019,470.1714286,7.528571429,
1019,1020_20241013_1257_425x5,phone,,S,1,0.0,0.0,0.0,425.0,5.0,1257,477.7,,20241013,1020,472.0535714,5.646428571,
1020,1021_20241014_1609_425x5,phone,,S,1,0.0,0.0,0.0,425.0,5.0,1609,477.7,,20241014,1021,473.9357143,3.764285714,
1021,1022_20241015_1313_425x5,phone,,S,1,0.0,0.0,0.0,425.0,5.0,1313,477.7,,20241015,1022,475.8178571,1.882142857,
1022,1023_20241016_1638_425x6,phone,,S,1,0.0,0.0,0.0,425.0,6.0,1638,490.875,,20241016,1023,479.5821429,11.29285714,
1023,1024_20241017_1353_425x6,phone,,S,1,0.0,0.0,0.0,425.0,6.0,1353,490.875,,20241017,1024,481.4642857,9.410714286,
1024,1025_20241018_1150_425x1,phone,,M,1,0.0,0.0,0.0,425.0,1.0,1150,425.0,,20241018,1025,473.9357143,-48.93571429,
1025,1026_20241019_1411_425x1,phone,,S,1,0.0,0.0,0.0,425.0,1.0,1411,425.0,,20241019,1026,466.4071429,-41.40714286,
1026,1027_20241020_1434_425x1,phone,,S,1,0.0,0.0,1.0,425.0,1.0,1434,425.0,,20241020,1027,458.8785714,-33.87857143,
1027,1028_20241021_1609_425x1,phone,,M,1,0.0,0.0,1.0,425.0,1.0,1609,425.0,,20241021,1028,451.35,-26.35,
1028,1029_20241022_1635_425x1,phone,,M,1,0.0,0.0,1.0,425.0,1.0,1635,425.0,,20241022,1029,443.8214286,-18.82142857,
1029,1030_20241023_1147_425x1,phone,,M,1,0.0,0.0,0.0,425.0,1.0,1147,425.0,,20241023,1030,434.4107143,-9.410714286,
1030,1031_20241024_1208_505x1,phone,Saco!,S,1,1.0,0.0,0.0,505.0,1.0,1208,505.0,,20241024,1031,436.4285714,68.57142857,
1032,1033_20241026_1619_425x1,phone,,S,1,0.0,0.0,0.0,425.0,1.0,1619,425.0,,20241026,1033,438.3333333,-13.33333333,
1033,1034_20241027_1358_425x1,phone,,S,1,0.0,0.0,0.0,425.0,1.0,1358,425.0,,20241027,1034,438.3333333,-13.33333333,
1034,1035_20241028_1733_425x1,phone,,M,1,0.0,0.0,0.0,425.0,1.0,1733,425.0,,20241028,1035,438.3333333,-13.33333333,
1035,1036_20241029_1430_425x2,phone,,S,1,0.0,0.0,0.0,425.0,2.0,1430,438.175,,20241029,1036,440.5291667,-2.354166667,
1036,1037_20241030_2041_425x2,phone,"watch this one, haley pops in",S,1,0.0,0.0,0.0,425.0,2.0,2041,438.175,,20241030,1037,442.725,-4.55,
1037,1038_20241031_1506_425x3,phone,,S,1,0.0,0.0,0.0,425.0,3.0,1506,451.35,,20241031,1038,433.7833333,17.56666667,
1038,1039_20241101_1753_425x3,phone,,S,1,0.0,0.0,0.0,425.0,3.0,1753,451.35,,20241101,1039,436.2928571,15.05714286,
1039,1040_20241102_1630_425x1,phone,,S,1,0.0,0.0,0.0,425.0,1.0,1630,425.0,,20241102,1040,436.2928571,-11.29285714,
1040,1041_20241103_1120_425x1,phone,right knee hurt,S,1,0.0,0.0,0.0,425.0,1.0,1120,425.0,,20241103,1041,436.2928571,-11.29285714,
1066,1067_20241129_1315_425x1,phone,,M,1,0.0,0.0,0.0,425.0,1.0,1315,425.0,,20241129,1067,425.0,0.0,
1067,1068_20241130_1356_405x1,phone,,M,1,0.0,0.0,0.0,405.0,1.0,1356,405.0,,20241130,1068,415.0,-10.0,
1068,1069_20241201_1738_505x1,phone,,S,0,0.0,0.0,0.0,505.0,1.0,1738,505.0,,20241201,1069,445.0,60.0,
1069,1070_20241202_1543_505x1,phone,,S,0,0.0,0.0,0.0,505.0,1.0,1543,505.0,,20241202,1070,460.0,45.0,
1070,1071_20241203_1804_505x1,phone,,S,0,0.0,0.0,0.0,505.0,1.0,1804,505.0,,20241203,1071,469.0,36.0,
1071,1072_20241204_1940_505x1,,Funny video with Haley interrupting,S,0,0.0,0.0,0.0,505.0,1.0,1940,505.0,,20241204,1072,475.0,30.0,
1072,1073_20241205_1320_505x1,,,S,0,0.0,0.0,0.0,505.0,1.0,1320,505.0,,20241205,1073,479.2857143,25.71428571,
1073,1074_20241206_1146_505x1,,"In Nantucket - Stroll, bad angle",S,0,1.0,0.0,0.0,505.0,1.0,1146,505.0,,20241206,1074,490.7142857,14.28571429,
1074,1075_20241207_928_505x1,,"In Nantucket - Stroll, bad angle",S,0,1.0,0.0,0.0,505.0,1.0,928,505.0,,20241207,1075,505.0,0.0,
1075,1076_20241208_1531_505x1,,,S,0,0.0,0.0,0.0,505.0,1.0,1531,505.0,,20241208,1076,505.0,0.0,
1076,1077_20241209_1718_505x1,,,S,0,0.0,0.0,0.0,505.0,1.0,1718,505.0,,20241209,1077,505.0,0.0,
1077,1078_20241210_1620_515x1,,,S,0,0.0,0.0,0.0,515.0,1.0,1620,515.0,,20241210,1078,506.4285714,8.571428571,
1078,1079_20241211_1515_515x1,,,S,0,0.0,0.0,0.0,515.0,1.0,1515,515.0,,20241211,1079,507.8571429,7.142857143,
1079,1080_20241212_1758_515x1,,,S,0,0.0,0.0,0.0,515.0,1.0,1758,515.0,,20241212,1080,509.2857143,5.714285714,
1080,1081_20241213_1740_515x1,,,S,0,0.0,0.0,0.0,515.0,1.0,1740,515.0,,20241213,1081,510.7142857,4.285714286,
1081,1082_20241214_1515_515x1,,,S,0,0.0,0.0,0.0,515.0,1.0,1515,515.0,,20241214,1082,512.1428571,2.857142857,
1082,1083_20241215_1126_515x1,,,S,0,0.0,0.0,0.0,515.0,1.0,1126,515.0,,20241215,1083,513.5714286,1.428571429,
1083,1084_20241216_1738_515x1,,,S,0,0.0,0.0,0.0,515.0,1.0,1738,515.0,,20241216,1084,515.0,0.0,
1084,1085_20241217_2020_515x1,,,S,0,0.0,0.0,0.0,515.0,1.0,2020,515.0,,20241217,1085,515.0,0.0,
1085,1086_20241218_1221_515x1,,,S,0,0.0,0.0,0.0,515.0,1.0,1221,515.0,,20241218,1086,515.0,0.0,
1086,1087_20241219_1427_515x1,,,S,0,0.0,0.0,0.0,515.0,1.0,1427,515.0,,20241219,1087,515.0,0.0,
1087,1088_20241220_1105_515x1,,,S,0,0.0,0.0,0.0,515.0,1.0,1105,515.0,,20241220,1088,515.0,0.0,
1088,1089_20241221_1707_515x1,,,S,0,0.0,0.0,0.0,515.0,1.0,1707,515.0,,20241221,1089,515.0,0.0,
1089,1090_20241222_1417_525x1,,,M,0,0.0,0.0,0.0,525.0,1.0,1417,525.0,,20241222,1090,516.4285714,8.571428571,
1090,1091_20241223_1400_505x1,,,M,0,0.0,0.0,0.0,505.0,1.0,1400,505.0,,20241223,1091,515.0,-10.0,
1091,1092_20241224_1221_505x1,,,S,0,0.0,0.0,0.0,505.0,1.0,1221,505.0,,20241224,1092,513.5714286,-8.571428571,
1092,1093_20241225_1324_525x1,,Christmas Liftmas,S,0,0.0,0.0,0.0,525.0,1.0,1324,525.0,,20241225,1093,515.0,10.0,
1093,1094_20241226_1330_525x1,,,S,0,0.0,0.0,0.0,525.0,1.0,1330,525.0,,20241226,1094,516.4285714,8.571428571,
1094,1095_20241227_1436_525x1,,,S,0,0.0,0.0,0.0,525.0,1.0,1436,525.0,,20241227,1095,517.8571429,7.142857143,
1095,1096_20241228_1647_525x1,,,S,0,0.0,0.0,0.0,525.0,1.0,1647,525.0,,20241228,1096,519.2857143,5.714285714,
1096,1097_20241229_922_525x1,,,S,0,0.0,0.0,0.0,525.0,1.0,922,525.0,,20241229,1097,519.2857143,5.714285714,
1097,1098_20241230_1841_525x1,,,S,0,0.0,0.0,0.0,525.0,1.0,1841,525.0,,20241230,1098,522.1428571,2.857142857,
1098,1099_20241231_1523_565x1,,1st Annual Bailey Powerlifitng Spectacular,M,0,0.0,0.0,0.0,565.0,1.0,1523,565.0,,20241231,1099,530.7142857,34.28571429,
1099,1100_20250101_1726_425x1,,,S,1,0.0,0.0,0.0,425.0,1.0,1726,425.0,,20250101,1100,516.4285714,-91.42857143,
1100,1101_20250102_1131_425x1,,,M,1,0.0,0.0,0.0,425.0,1.0,1131,425.0,,20250102,1101,502.1428571,-77.14285714,
1101,1102_20250103_1135_425x1,,,S,1,0.0,0.0,0.0,425.0,1.0,1135,425.0,,20250103,1102,487.8571429,-62.85714286,
1102,1103_20250104_1333_425x1,,Haley dancing in background,S,1,0.0,0.0,1.0,425.0,1.0,1333,425.0,,20250104,1103,473.5714286,-48.57142857,
1103,1104_20250105_1336_425x1,,,S,1,0.0,0.0,1.0,425.0,1.0,1336,425.0,,20250105,1104,459.2857143,-34.28571429,
1104,1105_20250106_1327_425x1,,,S,1,0.0,0.0,1.0,425.0,1.0,1327,425.0,,20250106,1105,445.0,-20.0,
1105,1106_20250107_1634_425x1,,,S,1,0.0,0.0,0.0,425.0,1.0,1634,425.0,,20250107,1106,425.0,0.0,
1106,1107_20250108_1236_425x1,,,S,1,0.0,0.0,1.0,425.0,1.0,1236,425.0,,20250108,1107,425.0,0.0,
1107,1108_20250109_1623_425x1,,Possum on the bench,S,1,0.0,0.0,1.0,425.0,1.0,1623,425.0,,20250109,1108,425.0,0.0,
1108,1109_20250110_524_425x1,,,S,1,0.0,0.0,0.0,425.0,1.0,524,425.0,,20250110,1109,425.0,0.0,
1109,1110_20250111_848_465x1,,Colorado,M,1,1.0,0.0,0.0,465.0,1.0,848,465.0,,20250111,1110,430.7142857,34.28571429,
1110,1111_20250112_1155_505x1,,Las Vegas,S,1,1.0,0.0,0.0,505.0,1.0,1155,505.0,,20250112,1111,442.1428571,62.85714286,
1111,1112_20250113_606_405x5,,Las Vegas,M,1,1.0,0.0,0.0,405.0,5.0,606,455.22,,20250113,1112,446.46,8.76,
1112,1113_20250114_615_405x3,,Las Vegas,M,1,1.0,0.0,0.0,405.0,3.0,615,430.11,,20250114,1113,447.19,-17.08,
1113,1114_20250115_1828_445x2,,Tacoma,M,1,1.0,0.0,0.0,445.0,2.0,1828,458.795,,20250115,1114,452.0178571,6.777142857,
1114,1115_20250116_1215_425x1,,Tacoma,M,1,1.0,0.0,0.0,425.0,1.0,1215,425.0,,20250116,1115,452.0178571,-27.01785714,
1115,1116_20250117_952_445x1,,Tacoma,M,1,1.0,0.0,0.0,445.0,1.0,952,445.0,,20250117,1116,454.875,-9.875,
1116,1117_20250118_1343_425x1,,,M,1,0.0,0.0,0.0,425.0,1.0,1343,425.0,,20250118,1117,449.1607143,-24.16071429,
1117,1118_20250119_1151_475x2,,Coan Phillip Day 1,M,1,0.0,0.0,0.0,475.0,2.0,1151,489.725,,20250119,1118,446.9785714,42.74642857,
1118,1119_20250120_1647_425x1,,,M,1,0.0,0.0,0.0,425.0,1.0,1647,425.0,,20250120,1119,442.6614286,-17.66142857,
1119,1120_20250121_1918_425x1,,,S,1,0.0,1.0,0.0,425.0,1.0,1918,425.0,,20250121,1120,441.9314286,-16.93142857,
1120,1121_20250122_1410_425x1,,,M,1,0.0,0.0,0.0,425.0,1.0,1410,425.0,,20250122,1121,437.1035714,-12.10357143,
1121,1122_20250123_618_425x1,,,M,1,0.0,1.0,0.0,425.0,1.0,618,425.0,,20250123,1122,437.1035714,-12.10357143,
1122,1123_20250124_1219_425x2,,,S,1,0.0,0.0,0.0,425.0,2.0,1219,438.175,,20250124,1123,436.1285714,2.046428571,
1123,1124_20250125_1418_425x1,,,S,0,0.0,0.0,0.0,425.0,1.0,1418,425.0,,20250125,1124,436.1285714,-11.12857143,
1124,1125_20250126_1553_505x2,,"Coan Phillip Deadlift 505x2 415 8x3, did with belt and straps, right knee fucking hurt past few days",S,0,0.0,0.0,0.0,505.0,2.0,1553,520.655,,20250126,1125,440.5471429,80.10785714,
1125,1126_20250127_1548_415x3,,,S,0,0.0,0.0,0.0,415.0,3.0,1548,440.73,,20250127,1126,442.7942857,-2.064285714,
1126,1127_20250128_1207_425x1,,,S,1,0.0,0.0,0.0,425.0,1.0,1207,425.0,,20250128,1127,442.7942857,-17.79428571,
1127,1128_20250129_1120_425x1,,,S,0,0.0,0.0,0.0,425.0,1.0,1120,425.0,,20250129,1128,442.7942857,-17.79428571,
1128,1129_20250130_1431_425x1,,,S,0,0.0,0.0,0.0,425.0,1.0,1431,425.0,,20250130,1129,442.7942857,-17.79428571,
1129,1130_20250131_1324_425x1,,,S,0,0.0,0.0,1.0,425.0,1.0,1324,425.0,,20250131,1130,440.9121429,-15.91214286,
1130,1131_20250201_1606_425x1,,,M,1,0.0,0.0,0.0,425.0,1.0,1606,425.0,,20250201,1131,440.9121429,-15.91214286,
1131,1132_20250202_957_535x2,,,S,0,0.0,0.0,0.0,535.0,2.0,957,551.585,,20250202,1132,445.3307143,106.2542857,
1132,1133_20250203_1513_455x1,,,S,0,0.0,0.0,1.0,455.0,1.0,1513,455.0,,20250203,1133,447.3692857,7.630714286,
1133,1134_20250204_2001_455x1,,,S,0,0.0,0.0,1.0,455.0,1.0,2001,455.0,,20250204,1134,451.655,3.345,
1134,1135_20250205_1725_455x1,,,M,0,0.0,0.0,0.0,455.0,1.0,1725,455.0,,20250205,1135,455.9407143,-0.9407142857,
1135,1136_20250206_1454_455x1,,,S,0,0.0,0.0,0.0,455.0,1.0,1454,455.0,,20250206,1136,460.2264286,-5.226428571,
