Day Number_Date_Time_Top Set WeightxNumber of Reps,camera,Lifting Notes,Grip,Beltless,Stiff Bar,Deficiet,Pauses,Top Set Weight,Number of Reps,Time,Effective Weight,Day,Date,Day Number,Average Weight,Daily Delta,DayNumber
1_20211229_1642_405x1,phone,Day 1,M,0.0,1.0,0.0,0.0,405.0,1.0,1642.0,405.0,Wednesday,20211229,1,,,
2_20211230_1711_405x1,phone,,M,0.0,1.0,0.0,0.0,405.0,1.0,1711.0,405.0,Thursday,20211230,2,,,
3_20211231_1545_405x1,phone,,M,0.0,1.0,0.0,0.0,405.0,1.0,1545.0,405.0,Friday,20211231,3,,,
4_20220101__405x1,phone,Also plot weight & frequency vs day of the week!,M,0.0,1.0,0.0,0.0,405.0,1.0,,405.0,Saturday,20220101,4,,,
5_20220102__405x1,phone,Also plot lifting time distribution vs day of the week!,M,0.0,1.0,0.0,0.0,405.0,1.0,,405.0,Sunday,20220102,5,,,
6_20220103__405x1,phone,,M,0.0,1.0,0.0,0.0,405.0,1.0,,405.0,Monday,20220103,6,,,
7_20220104__405x1,phone,,M,0.0,1.0,0.0,0.0,405.0,1.0,,405.0,Tuesday,20220104,7,405.0,0.0,
8_20220105__405x1,phone,,M,0.0,1.0,0.0,0.0,405.0,1.0,,405.0,Wednesday,20220105,8,405.0,0.0,
9_20220106__415x2,phone,,M,0.0,1.0,0.0,0.0,415.0,2.0,,427.865,Thursday,20220106,9,408.2664286,19.59857143,
10_20220107__405x1,phone,,,,,,,405.0,1.0,,405.0,Friday,20220107,10,408.2664286,-3.266428571,
11_20220108__405x1,,,,,,,,405.0,1.0,,405.0,Saturday,20220108,11,408.2664286,-3.266428571,
12_20220109__405x1,,,,,,,,405.0,1.0,,405.0,Sunday,20220109,12,408.2664286,-3.266428571,
13_20220110__405x1,,,,,,,,405.0,1.0,,405.0,Monday,20220110,13,408.2664286,-3.266428571,
14_20220111__405x1,,,,,,,,405.0,1.0,,405.0,Tuesday,20220111,14,408.2664286,-3.266428571,
15_20220112__405x1,,,,,,,,405.0,1.0,,405.0,Wednesday,20220112,15,408.2664286,-3.266428571,
16_20220113__405x2,,,,,,,,405.0,2.0,,417.555,Thursday,20220113,16,406.7935714,10.76142857,
17_20220114__405x1,,,,,,,,405.0,1.0,,405.0,Friday,20220114,17,406.7935714,-1.793571429,
18_20220115__405x1,,,,,,,,405.0,1.0,,405.0,Saturday,20220115,18,406.7935714,-1.793571429,
19_20220116__405x1,,,,,,,,405.0,1.0,,405.0,Sunday,20220116,19,406.7935714,-1.793571429,
20_20220117__405x2,,,,,,,,405.0,2.0,,417.555,Monday,20220117,20,408.5871429,8.967857143,
21_20220118__405x2,,,,,,,,405.0,2.0,,417.555,Tuesday,20220118,21,410.3807143,7.174285714,
22_20220119__415x1,,,,,,,,415.0,1.0,,415.0,Wednesday,20220119,22,411.8092857,3.190714286,
23_20220120__405x1,,,,,,,,405.0,1.0,,405.0,Thursday,20220120,23,410.0157143,-5.015714286,
24_20220121__405x1,,,,,,,,405.0,1.0,,405.0,Friday,20220121,24,410.0157143,-5.015714286,
25_20220122__405x1,,,,,,,,405.0,1.0,,405.0,Saturday,20220122,25,410.0157143,-5.015714286,
26_20220123__405x2,,,,,,,,405.0,2.0,,417.555,Sunday,20220123,26,411.8092857,5.745714286,
27_20220124__405x2,,,,,,,,405.0,2.0,,417.555,Monday,20220124,27,411.8092857,5.745714286,
28_20220125__405x1,,,,,,,,405.0,1.0,,405.0,Tuesday,20220125,28,410.0157143,-5.015714286,
29_20220126__415x2,,,,,,,,415.0,2.0,,427.865,Wednesday,20220126,29,411.8535714,16.01142857,
30_20220127__405x1,,,,,,,,405.0,1.0,,405.0,Thursday,20220127,30,411.8535714,-6.853571429,
31_20220128__405x1,,,,,,,,405.0,1.0,,405.0,Friday,20220128,31,411.8535714,-6.853571429,
32_20220129__425x1,,,,,,,,425.0,1.0,,425.0,Saturday,20220129,32,414.7107143,10.28928571,
33_20220130__405x1,,,,,,,,405.0,1.0,,405.0,Sunday,20220130,33,412.9171429,-7.917142857,
34_20220131__415x2,,,,,,,,415.0,2.0,,427.865,Monday,20220131,34,414.39,13.475,
35_20220201__435x1,,,,,,,,435.0,1.0,,435.0,Tuesday,20220201,35,418.6757143,16.32428571,
36_20220202__405x3,,,,,,,,405.0,3.0,,430.11,Wednesday,20220202,36,418.9964286,11.11357143,
37_20220203__425x1,,,,,,,,425.0,1.0,,425.0,Thursday,20220203,37,421.8535714,3.146428571,
38_20220204__405x1,,,,,,,,405.0,1.0,,405.0,Friday,20220204,38,421.8535714,-16.85357143,
39_20220205__405x1,,,,,,,,405.0,1.0,,405.0,Saturday,20220205,39,418.9964286,-13.99642857,
40_20220206__405x1,,,,,,,,405.0,1.0,,405.0,Sunday,20220206,40,418.9964286,-13.99642857,
41_20220207__415x1,,,,,,,,415.0,1.0,,415.0,Monday,20220207,41,417.1585714,-2.158571429,
42_20220208__415x1,,,,,,,,415.0,1.0,,415.0,Tuesday,20220208,42,414.3014286,0.6985714286,
43_20220209__405x1,,,,,,,,405.0,1.0,,405.0,Wednesday,20220209,43,410.7142857,-5.714285714,
44_20220210__415x1,,,,,,,,415.0,1.0,,415.0,Thursday,20220210,44,409.2857143,5.714285714,
45_20220211__415x2,,,,,,,,415.0,2.0,,427.865,Friday,20220211,45,412.5521429,15.31285714,
46_20220212__415x1,,,,,,,,415.0,1.0,,415.0,Saturday,20220212,46,413.9807143,1.019285714,
47_20220213__415x1,,,,,,,,415.0,1.0,,415.0,Sunday,20220213,47,415.4092857,-0.4092857143,
48_20220214__415x1,,,,,,,,415.0,1.0,,415.0,Monday,20220214,48,415.4092857,-0.4092857143,
49_20220215__415x1,,,,,,,,415.0,1.0,,415.0,Tuesday,20220215,49,415.4092857,-0.4092857143,
50_20220216__415x1,,,,,,,,415.0,1.0,,415.0,Wednesday,20220216,50,416.8378571,-1.837857143,
51_20220217__425x1,,,,,,,,425.0,1.0,,425.0,Thursday,20220217,51,418.2664286,6.733571429,
52_20220218__435x1,,,,,,,,435.0,1.0,,435.0,Friday,20220218,52,419.2857143,15.71428571,
53_20220219__405x1,,,,,,,,405.0,1.0,,405.0,Saturday,20220219,53,417.8571429,-12.85714286,
54_20220220__415x1,,,,,,,,415.0,1.0,,415.0,Sunday,20220220,54,417.8571429,-2.857142857,
55_20220221__415x1,,,,,,,,415.0,1.0,,415.0,Monday,20220221,55,417.8571429,-2.857142857,
56_20220222__415x1,,,,,,,,415.0,1.0,,415.0,Tuesday,20220222,56,417.8571429,-2.857142857,
57_20220223__425x1,,,,,,,,425.0,1.0,,425.0,Wednesday,20220223,57,419.2857143,5.714285714,
58_20220224__415x1,,,,,,,,415.0,1.0,,415.0,Thursday,20220224,58,417.8571429,-2.857142857,
59_20220225__445x1,,,,,,,,445.0,1.0,,445.0,Friday,20220225,59,419.2857143,25.71428571,
60_20220226__415x1,,,,,,,,415.0,1.0,,415.0,Saturday,20220226,60,420.7142857,-5.714285714,
61_20220227__425x1,,,,,,,,425.0,1.0,,425.0,Sunday,20220227,61,422.1428571,2.857142857,
62_20220228__435x1,,,,,,,,435.0,1.0,,435.0,Monday,20220228,62,425.0,10.0,
63_20220301__435x1,,,,,,,,435.0,1.0,,435.0,Tuesday,20220301,63,427.8571429,7.142857143,
64_20220302__455x1,,,,,,,,455.0,1.0,,455.0,Wednesday,20220302,64,432.1428571,22.85714286,
65_20220303__505x1,,,,,,,,505.0,1.0,,505.0,Thursday,20220303,65,445.0,60.0,
66_20220304__415x1,,,,,,,,415.0,1.0,,415.0,Friday,20220304,66,440.7142857,-25.71428571,
67_20220305__435x1,,,,,,,,435.0,1.0,,435.0,Saturday,20220305,67,443.5714286,-8.571428571,
68_20220306__438x1,,,,,,,,438.0,1.0,,438.0,Sunday,20220306,68,445.4285714,-7.428571429,
69_20220307__415x1,,,,,,,,415.0,1.0,,415.0,Monday,20220307,69,442.5714286,-27.57142857,
70_20220308__405x1,,,,,,,,405.0,1.0,,405.0,Tuesday,20220308,70,438.2857143,-33.28571429,
71_20220309__455x1,,,,,,,,455.0,1.0,,455.0,Wednesday,20220309,71,438.2857143,16.71428571,
72_20220310__425x3,,,,,,,,425.0,3.0,,451.35,Thursday,20220310,72,430.6214286,20.72857143,
73_20220311__405x1,,,,,,,,405.0,1.0,,405.0,Friday,20220311,73,429.1928571,-24.19285714,
74_20220312__405x1,,,,,,,,405.0,1.0,,405.0,Saturday,20220312,74,424.9071429,-19.90714286,
75_20220313__445x1,,,,,,,,445.0,1.0,,445.0,Sunday,20220313,75,425.9071429,19.09285714,
76_20220314__405x1,,,,,,,,405.0,1.0,,405.0,Monday,20220314,76,424.4785714,-19.47857143,
77_20220315__405x1,,,,,,,,405.0,1.0,,405.0,Tuesday,20220315,77,424.4785714,-19.47857143,
78_20220316__415x1,,,,,,,,415.0,1.0,,415.0,Wednesday,20220316,78,418.7642857,-3.764285714,
79_20220317__435x1,,,,,,,,435.0,1.0,,435.0,Thursday,20220317,79,416.4285714,18.57142857,
80_20220318__435x1,,,,,,,,435.0,1.0,,435.0,Friday,20220318,80,420.7142857,14.28571429,
81_20220319__435x1,,,,,,,,435.0,1.0,,435.0,Saturday,20220319,81,425.0,10.0,
82_20220320__435x1,,,,,,,,435.0,1.0,,435.0,Sunday,20220320,82,423.5714286,11.42857143,
83_20220321__415x2,,,,,,,,415.0,2.0,,427.865,Monday,20220321,83,426.8378571,1.027142857,
84_20220322__435x1,,,,,,,,435.0,1.0,,435.0,Tuesday,20220322,84,431.1235714,3.876428571,
85_20220323__455x1,,,,,,,,455.0,1.0,,455.0,Wednesday,20220323,85,436.8378571,18.16214286,
86_20220324__435x1,,,,,,,,435.0,1.0,,435.0,Thursday,20220324,86,436.8378571,-1.837857143,
87_20220325__435x1,,,,,,,,435.0,1.0,,435.0,Friday,20220325,87,436.8378571,-1.837857143,
88_20220326__435x1,,,,,,,,435.0,1.0,,435.0,Saturday,20220326,88,436.8378571,-1.837857143,
89_20220327__475x1,,,,,,,,475.0,1.0,,475.0,Sunday,20220327,89,442.5521429,32.44785714,
90_20220328__435x2,,,,,,,,435.0,2.0,,448.485,Monday,20220328,90,445.4978571,2.987142857,
91_20220329__485x1,,,,,,,,485.0,1.0,,485.0,Tuesday,20220329,91,452.6407143,32.35928571,
92_20220330__415x1,,,,,,,,415.0,1.0,,415.0,Wednesday,20220330,92,446.9264286,-31.92642857,
93_20220331__415x1,,,,,,,,415.0,1.0,,415.0,Thursday,20220331,93,444.0692857,-29.06928571,
94_20220401__415x1,,,,,,,,415.0,1.0,,415.0,Friday,20220401,94,441.2121429,-26.21214286,
95_20220402__415x1,,,,,,,,415.0,1.0,,415.0,Saturday,20220402,95,438.355,-23.355,
96_20220403__415x1,,,,,,,,415.0,1.0,,415.0,Sunday,20220403,96,429.7835714,-14.78357143,
97_20220404__435x1,,,,,,,,435.0,1.0,,435.0,Monday,20220404,97,427.8571429,7.142857143,
98_20220405__415x1,,,,,,,,415.0,1.0,,415.0,Tuesday,20220405,98,417.8571429,-2.857142857,
99_20220406__485x1,,,,,,,,485.0,1.0,,485.0,Wednesday,20220406,99,427.8571429,57.14285714,
100_20220407__455x1,,,,,,,,455.0,1.0,,455.0,Thursday,20220407,100,433.5714286,21.42857143,
101_20220408__435x1,,,,,,,,435.0,1.0,,435.0,Friday,20220408,101,436.4285714,-1.428571429,
102_20220409__415x1,,,,,,,,415.0,1.0,,415.0,Saturday,20220409,102,436.4285714,-21.42857143,
103_20220410__435x1,,,,,,,,435.0,1.0,,435.0,Sunday,20220410,103,439.2857143,-4.285714286,
104_20220411__435x1,,,,,,,,435.0,1.0,,435.0,Monday,20220411,104,439.2857143,-4.285714286,
105_20220412__455x1,,,,,,,,455.0,1.0,,455.0,Tuesday,20220412,105,445.0,10.0,
106_20220413__455x1,,,,,,,,455.0,1.0,,455.0,Wednesday,20220413,106,440.7142857,14.28571429,
107_20220414__505x1,,,,,,,,505.0,1.0,,505.0,Thursday,20220414,107,447.8571429,57.14285714,
108_20220415__435x1,,,,,,,,435.0,1.0,,435.0,Friday,20220415,108,447.8571429,-12.85714286,
109_20220416__435x2,,,,,,,,435.0,2.0,,448.485,Saturday,20220416,109,452.6407143,-4.155714286,
110_20220417__445x1,,,,,,,,445.0,1.0,,445.0,Sunday,20220417,110,454.0692857,-9.069285714,
111_20220418__455x1,,,,,,,,455.0,1.0,,455.0,Monday,20220418,111,456.9264286,-1.926428571,
112_20220419__415x1,,,,,,,,415.0,1.0,,415.0,Tuesday,20220419,112,451.2121429,-36.21214286,
113_20220420__435x1,,,,,,,,435.0,1.0,,435.0,Wednesday,20220420,113,448.355,-13.355,
114_20220421__415x1,,,,,,,,415.0,1.0,,415.0,Thursday,20220421,114,435.4978571,-20.49785714,
115_20220422__415x1,,,,,,,,415.0,1.0,,415.0,Friday,20220422,115,432.6407143,-17.64071429,
116_20220423__415x1,,,,,,,,415.0,1.0,,415.0,Saturday,20220423,116,427.8571429,-12.85714286,
117_20220424__525x1,,,,,,,,525.0,1.0,,525.0,Sunday,20220424,117,439.2857143,85.71428571,
118_20220425__435x1,,,,,,,,435.0,1.0,,435.0,Monday,20220425,118,436.4285714,-1.428571429,
119_20220426__455x1,,,,,,,,455.0,1.0,,455.0,Tuesday,20220426,119,442.1428571,12.85714286,
120_20220427__415x2,,,,,,,,415.0,2.0,,427.865,Wednesday,20220427,120,441.1235714,-13.25857143,
121_20220428__435x1,,,,,,,,435.0,1.0,,435.0,Thursday,20220428,121,443.9807143,-8.980714286,
122_20220429__445x1,,,,,,,,445.0,1.0,,445.0,Friday,20220429,122,448.2664286,-3.266428571,
123_20220430__455x1,,,,,,,,455.0,1.0,,455.0,Saturday,20220430,123,453.9807143,1.019285714,
124_20220501__455x2,,,,,,,,455.0,2.0,,469.105,Sunday,20220501,124,445.9957143,23.10928571,
125_20220502__415x1,,,,,,,,415.0,1.0,,415.0,Monday,20220502,125,443.1385714,-28.13857143,
126_20220503__415x1,,,,,,,,415.0,1.0,,415.0,Tuesday,20220503,126,437.4242857,-22.42428571,
127_20220504__415x1,,,,,,,,415.0,1.0,,415.0,Wednesday,20220504,127,435.5864286,-20.58642857,
128_20220505__415x1,,,,,,,,415.0,1.0,,415.0,Thursday,20220505,128,432.7292857,-17.72928571,
129_20220506__415x1,,,,,,,,415.0,1.0,,415.0,Friday,20220506,129,428.4435714,-13.44357143,
130_20220507__415x1,,,,,,,,415.0,1.0,,415.0,Saturday,20220507,130,422.7292857,-7.729285714,
131_20220508__485x2,,,,,,,,485.0,2.0,,500.035,Sunday,20220508,131,427.1478571,72.88714286,
132_20220509__415x1,,,,,,,,415.0,1.0,,415.0,Monday,20220509,132,427.1478571,-12.14785714,
133_20220510__415x1,,,,,,,,415.0,1.0,,415.0,Tuesday,20220510,133,427.1478571,-12.14785714,
134_20220511__415x1,,,,,,,,415.0,1.0,,415.0,Wednesday,20220511,134,427.1478571,-12.14785714,
135_20220512__415x1,,,,,,,,415.0,1.0,,415.0,Thursday,20220512,135,427.1478571,-12.14785714,
136_20220513__415x1,,,,,,,,415.0,1.0,,415.0,Friday,20220513,136,427.1478571,-12.14785714,
137_20220514__415x1,,,,,,,,415.0,1.0,,415.0,Saturday,20220514,137,427.1478571,-12.14785714,
138_20220515__515x2,,,,,,,,515.0,2.0,,530.965,Sunday,20220515,138,431.5664286,99.39857143,
139_20220516__455x1,,,,,,,,455.0,1.0,,455.0,Monday,20220516,139,437.2807143,17.71928571,
140_20220517__435x1,,,,,,,,435.0,1.0,,435.0,Tuesday,20220517,140,440.1378571,-5.137857143,
141_20220518__415x1,,,,,,,,415.0,1.0,,415.0,Wednesday,20220518,141,440.1378571,-25.13785714,
142_20220519__415x1,,,,,,,,415.0,1.0,,415.0,Thursday,20220519,142,440.1378571,-25.13785714,
143_20220520__415x1,,,,,,,,415.0,1.0,,415.0,Friday,20220520,143,440.1378571,-25.13785714,
144_20220521__415x1,,,,,,,,415.0,1.0,,415.0,Saturday,20220521,144,440.1378571,-25.13785714,
145_20220522__545x2,,,,,,,,545.0,2.0,,561.895,Sunday,20220522,145,444.5564286,117.3385714,
146_20220523__435x1,,,,,,,,435.0,1.0,,435.0,Monday,20220523,146,441.6992857,-6.699285714,
147_20220524__435x1,,,,,,,,435.0,1.0,,435.0,Tuesday,20220524,147,441.6992857,-6.699285714,
148_20220525__435x1,,,,,,,,435.0,1.0,,435.0,Wednesday,20220525,148,444.5564286,-9.556428571,
149_20220526__435x1,,,,,,,,435.0,1.0,,435.0,Thursday,20220526,149,447.4135714,-12.41357143,
150_20220527__435x1,,,,,,,,435.0,1.0,,435.0,Friday,20220527,150,450.2707143,-15.27071429,
151_20220528__435x1,,,,,,,,435.0,1.0,,435.0,Saturday,20220528,151,453.1278571,-18.12785714,
152_20220529__496x1,,,,,,,,496.0,1.0,,496.0,Sunday,20220529,152,443.7142857,52.28571429,
153_20220530__455x1,,,,,,,,455.0,1.0,,455.0,Monday,20220530,153,446.5714286,8.428571429,
154_20220531__435x1,,,,,,,,435.0,1.0,,435.0,Tuesday,20220531,154,446.5714286,-11.57142857,
155_20220601__435x1,,,,,,,,435.0,1.0,,435.0,Wednesday,20220601,155,446.5714286,-11.57142857,
156_20220602__445x1,,,,,,,,445.0,1.0,,445.0,Thursday,20220602,156,448.0,-3.0,
157_20220603__455x1,,,,,,,,455.0,1.0,,455.0,Friday,20220603,157,450.8571429,4.142857143,
158_20220604__435x1,,,,,,,,435.0,1.0,,435.0,Saturday,20220604,158,450.8571429,-15.85714286,
159_20220605__500x3,,,,,,,,500.0,3.0,,531.0,Sunday,20220605,159,455.8571429,75.14285714,
160_20220606__435x1,,,,,,,,435.0,1.0,,435.0,Monday,20220606,160,453.0,-18.0,
161_20220607__435x1,,,,,,,,435.0,1.0,,435.0,Tuesday,20220607,161,453.0,-18.0,
162_20220608__435x1,,,,,,,,435.0,1.0,,435.0,Wednesday,20220608,162,453.0,-18.0,
163_20220609__435x1,,,,,,,,435.0,1.0,,435.0,Thursday,20220609,163,451.5714286,-16.57142857,
164_20220610__435x1,,,,,,,,435.0,1.0,,435.0,Friday,20220610,164,448.7142857,-13.71428571,
165_20220611__535x2,,,,,,,,535.0,2.0,,551.585,Saturday,20220611,165,465.3692857,86.21571429,
166_20220612__405x1,,,,,,,,405.0,1.0,,405.0,Sunday,20220612,166,447.3692857,-42.36928571,
167_20220613__405x1,,,,,,,,405.0,1.0,,405.0,Monday,20220613,167,443.0835714,-38.08357143,
168_20220614__405x1,,,,,,,,405.0,1.0,,405.0,Tuesday,20220614,168,438.7978571,-33.79785714,
169_20220615__405x1,,,,,,,,405.0,1.0,,405.0,Wednesday,20220615,169,434.5121429,-29.51214286,
170_20220616__405x1,,,,,,,,405.0,1.0,,405.0,Thursday,20220616,170,430.2264286,-25.22642857,
171_20220617__405x2,,,,,,,,405.0,2.0,,417.555,Friday,20220617,171,427.7342857,-10.17928571,
172_20220618__405x1,,,,,,,,405.0,1.0,,405.0,Saturday,20220618,172,406.7935714,-1.793571429,
173_20220619__405x1,,,,,,,,405.0,1.0,,405.0,Sunday,20220619,173,406.7935714,-1.793571429,
174_20220620__405x1,,,,,,,,405.0,1.0,,405.0,Monday,20220620,174,406.7935714,-1.793571429,
175_20220621__405x1,,,,,,,,405.0,1.0,,405.0,Tuesday,20220621,175,406.7935714,-1.793571429,
176_20220622__415x1,,,,,,,,415.0,1.0,,415.0,Wednesday,20220622,176,408.2221429,6.777857143,
177_20220623__435x1,,,,,,,,435.0,1.0,,435.0,Thursday,20220623,177,412.5078571,22.49214286,
178_20220624__455x2,,,,,,,,455.0,2.0,,469.105,Friday,20220624,178,419.8721429,49.23285714,
179_20220625__435x1,,,,,,,,435.0,1.0,,435.0,Saturday,20220625,179,424.1578571,10.84214286,
180_20220626__435x1,,,,,,,,435.0,1.0,,435.0,Sunday,20220626,180,428.4435714,6.556428571,
181_20220627__435x1,,,,,,,,435.0,1.0,,435.0,Monday,20220627,181,432.7292857,2.270714286,
182_20220628__415x1,,,,,,,,415.0,1.0,,415.0,Tuesday,20220628,182,434.1578571,-19.15785714,
183_20220629__415x1,,,,,,,,415.0,1.0,,415.0,Wednesday,20220629,183,434.1578571,-19.15785714,
184_20220630__415x1,,,,,,,,415.0,1.0,,415.0,Thursday,20220630,184,431.3007143,-16.30071429,
185_20220701__415x1,,,,,,,,415.0,1.0,,415.0,Friday,20220701,185,423.5714286,-8.571428571,
186_20220702__415x1,,,,,,,,415.0,1.0,,415.0,Saturday,20220702,186,420.7142857,-5.714285714,
187_20220703__415x1,,,,,,,,415.0,1.0,,415.0,Sunday,20220703,187,417.8571429,-2.857142857,
188_20220704__525x1,,,,,,,,525.0,1.0,,525.0,Monday,20220704,188,430.7142857,94.28571429,
189_20220705__415x1,,,,,,,,415.0,1.0,,415.0,Tuesday,20220705,189,430.7142857,-15.71428571,
190_20220706__415x1,,,,,,,,415.0,1.0,,415.0,Wednesday,20220706,190,430.7142857,-15.71428571,
191_20220707__415x1,,,,,,,,415.0,1.0,,415.0,Thursday,20220707,191,430.7142857,-15.71428571,
192_20220708__415x1,,,,,,,,415.0,1.0,,415.0,Friday,20220708,192,430.7142857,-15.71428571,
193_20220709__415x1,,,,,,,,415.0,1.0,,415.0,Saturday,20220709,193,430.7142857,-15.71428571,
194_20220710__415x1,,,,,,,,415.0,1.0,,415.0,Sunday,20220710,194,430.7142857,-15.71428571,
195_20220711__415x1,,,,,,,,415.0,1.0,,415.0,Monday,20220711,195,415.0,0.0,
196_20220712__415x1,,,,,,,,415.0,1.0,,415.0,Tuesday,20220712,196,415.0,0.0,
197_20220713__415x2,,,,,,,,415.0,2.0,,427.865,Wednesday,20220713,197,416.8378571,11.02714286,
198_20220714__415x1,,,,,,,,415.0,1.0,,415.0,Thursday,20220714,198,416.8378571,-1.837857143,
199_20220715__415x1,,,,,,,,415.0,1.0,,415.0,Friday,20220715,199,416.8378571,-1.837857143,
200_20220716__415x1,,,,,,,,415.0,1.0,,415.0,Saturday,20220716,200,416.8378571,-1.837857143,
201_20220717__505x1,,,,,,,,505.0,1.0,,505.0,Sunday,20220717,201,429.695,75.305,
202_20220718__415x1,,,,,,,,415.0,1.0,,415.0,Monday,20220718,202,429.695,-14.695,
203_20220719__415x1,,,,,,,,415.0,1.0,,415.0,Tuesday,20220719,203,429.695,-14.695,
204_20220720__435x2,,,,,,,,435.0,2.0,,448.485,Wednesday,20220720,204,432.6407143,15.84428571,
205_20220721__415x3,,,,,,,,415.0,3.0,,440.73,Thursday,20220721,205,436.3164286,4.413571429,
206_20220722__415x1,,,,,,,,415.0,1.0,,415.0,Friday,20220722,206,436.3164286,-21.31642857,
207_20220723__455x2,,,,,,,,455.0,2.0,,469.105,Saturday,20220723,207,444.0457143,25.05928571,
208_20220724__425x1,,,,,,,,425.0,1.0,,425.0,Sunday,20220724,208,432.6171429,-7.617142857,
209_20220725__415x2,,,,,,,,415.0,2.0,,427.865,Monday,20220725,209,434.455,-6.59,
210_20220726__415x1,,,,,,,,415.0,1.0,,415.0,Tuesday,20220726,210,434.455,-19.455,
211_20220727__415x1,,,,,,,,415.0,1.0,,415.0,Wednesday,20220727,211,429.6714286,-14.67142857,
212_20220728__415x2,,,,,,,,415.0,2.0,,427.865,Thursday,20220728,212,427.8335714,0.03142857143,
213_20220729__415x1,,,,,,,,415.0,1.0,,415.0,Friday,20220729,213,427.8335714,-12.83357143,
214_20220730__415x1,,,,,,,,415.0,1.0,,415.0,Saturday,20220730,214,420.1042857,-5.104285714,
215_20220731__435x1,,,,,,,,435.0,1.0,,435.0,Sunday,20220731,215,421.5328571,13.46714286,
216_20220801__435x1,,,,,,,,435.0,1.0,,435.0,Monday,20220801,216,422.5521429,12.44785714,
217_20220802__485x2,,,,,,,,485.0,2.0,,500.035,Tuesday,20220802,217,434.7,65.335,
218_20220803__435x1,,,,,,,,435.0,1.0,,435.0,Wednesday,20220803,218,437.5571429,-2.557142857,
219_20220804__415x1,,,,,,,,415.0,1.0,,415.0,Thursday,20220804,219,435.7192857,-20.71928571,
220_20220805__415x1,,,,,,,,415.0,1.0,,415.0,Friday,20220805,220,435.7192857,-20.71928571,
221_20220806__415x1,,,,,,,,415.0,1.0,,415.0,Saturday,20220806,221,435.7192857,-20.71928571,
222_20220807__425x1,,,,,,,,425.0,1.0,,425.0,Sunday,20220807,222,434.2907143,-9.290714286,
223_20220808__505x1,,,,,,,,505.0,1.0,,505.0,Monday,20220808,223,444.2907143,60.70928571,
224_20220809__415x1,,,,,,,,415.0,1.0,,415.0,Tuesday,20220809,224,432.1428571,-17.14285714,
225_20220810__415x1,,,,,,,,415.0,1.0,,415.0,Wednesday,20220810,225,429.2857143,-14.28571429,
226_20220811__415x1,,,,,,,,415.0,1.0,,415.0,Thursday,20220811,226,429.2857143,-14.28571429,
227_20220812__415x1,,,,,,,,415.0,1.0,,415.0,Friday,20220812,227,429.2857143,-14.28571429,
228_20220813__415x1,,,,,,,,415.0,1.0,,415.0,Saturday,20220813,228,429.2857143,-14.28571429,
229_20220814__415x3,,,,,,,,415.0,3.0,,440.73,Sunday,20220814,229,431.5328571,9.197142857,
230_20220815__435x2,,,,,,,,435.0,2.0,,448.485,Monday,20220815,230,423.4592857,25.02571429,
231_20220816__415x1,,,,,,,,415.0,1.0,,415.0,Tuesday,20220816,231,423.4592857,-8.459285714,
232_20220817__415x5,,,,,,,,415.0,5.0,,466.46,Wednesday,20220817,232,430.8107143,35.64928571,
233_20220818__455x1,,,,,,,,455.0,1.0,,455.0,Thursday,20220818,233,436.525,18.475,
234_20220819__415x1,,,,,,,,415.0,1.0,,415.0,Friday,20220819,234,436.525,-21.525,
235_20220820__415x1,,,,,,,,415.0,1.0,,415.0,Saturday,20220820,235,436.525,-21.525,
236_20220821__455x2,,,,,,,,455.0,2.0,,469.105,Sunday,20220821,236,440.5785714,28.52642857,
237_20220822__455x1,,,,,,,,455.0,1.0,,455.0,Monday,20220822,237,441.5092857,13.49071429,
238_20220823__475x1,,,,,,,,475.0,1.0,,475.0,Tuesday,20220823,238,450.0807143,24.91928571,
239_20220824__415x1,,,,,,,,415.0,1.0,,415.0,Wednesday,20220824,239,442.7292857,-27.72928571,
240_20220825__525x1,,,,,,,,525.0,1.0,,525.0,Thursday,20220825,240,452.7292857,72.27071429,
241_20220826__435x1,,,,,,,,435.0,1.0,,435.0,Friday,20220826,241,455.5864286,-20.58642857,
242_20220827__435x1,,,,,,,,435.0,1.0,,435.0,Saturday,20220827,242,458.4435714,-23.44357143,
243_20220828__495x1,,,,,,,,495.0,1.0,,495.0,Sunday,20220828,243,462.1428571,32.85714286,
244_20220829__435x1,,,,,,,,435.0,1.0,,435.0,Monday,20220829,244,459.2857143,-24.28571429,
245_20220830__435x1,,,,,,,,435.0,1.0,,435.0,Tuesday,20220830,245,453.5714286,-18.57142857,
246_20220831__435x1,,,,,,,,435.0,1.0,,435.0,Wednesday,20220831,246,456.4285714,-21.42857143,
247_20220901__435x1,,,,,,,,435.0,1.0,,435.0,Thursday,20220901,247,443.5714286,-8.571428571,
248_20220902__435x3,,,,,,,,435.0,3.0,,461.97,Friday,20220902,248,447.4242857,14.54571429,
249_20220903__455x3,,,,,,,,455.0,3.0,,483.21,Saturday,20220903,249,454.3114286,28.89857143,
250_20220904__415x1,,,,,,,,415.0,1.0,,415.0,Sunday,20220904,250,442.8828571,-27.88285714,
251_20220905__415x1,,,,,,,,415.0,1.0,,415.0,Monday,20220905,251,440.0257143,-25.02571429,
252_20220906__455x1,,,,,,,,455.0,1.0,,455.0,Tuesday,20220906,252,442.8828571,12.11714286,
253_20220907__500x1,,,,,,,,500.0,1.0,,500.0,Wednesday,20220907,253,452.1685714,47.83142857,
254_20220908__435x1,,,,,,,,435.0,1.0,,435.0,Thursday,20220908,254,452.1685714,-17.16857143,
255_20220909__435x1,,,,,,,,435.0,1.0,,435.0,Friday,20220909,255,448.3157143,-13.31571429,
256_20220910__415x1,,,,,,,,415.0,1.0,,415.0,Saturday,20220910,256,438.5714286,-23.57142857,
257_20220911__435x2,,,,,,,,435.0,2.0,,448.485,Sunday,20220911,257,443.355,5.13,
258_20220912__465x1,,,,,,,,465.0,1.0,,465.0,Monday,20220912,258,450.4978571,14.50214286,
259_20220913__435x3,,,,,,,,435.0,3.0,,461.97,Tuesday,20220913,259,451.4935714,10.47642857,
260_20220914__455x3,,,,,,,,455.0,3.0,,483.21,Wednesday,20220914,260,449.095,34.115,
261_20220915__435x2,,,,,,,,435.0,2.0,,448.485,Thursday,20220915,261,451.0214286,-2.536428571,
262_20220916__415x5,,,,,,,,415.0,5.0,,466.46,Friday,20220916,262,455.5157143,10.94428571,
263_20220917__455x1,,,,,,,,455.0,1.0,,455.0,Saturday,20220917,263,461.23,-6.23,
264_20220918__465x3,,,,,,,,465.0,3.0,,493.83,Sunday,20220918,264,467.7078571,26.12214286,
265_20220919__465x5,,,,,,,,465.0,5.0,,522.66,Monday,20220919,265,475.945,46.715,
266_20220920__435x1,,,,,,,,435.0,1.0,,435.0,Tuesday,20220920,266,472.0921429,-37.09214286,
267_20220921__465x1,,,,,,,,465.0,1.0,,465.0,Wednesday,20220921,267,469.4907143,-4.490714286,
268_20220922__415x1,,,,,,,,415.0,1.0,,415.0,Thursday,20220922,268,464.7071429,-49.70714286,
269_20220923__465x1,,,,,,,,465.0,1.0,,465.0,Friday,20220923,269,464.4985714,0.5014285714,
270_20220924__502.5x1,,,,,,,,502.5,1.0,,502.5,Saturday,20220924,270,471.2842857,31.21571429,
271_20220925__435x1,,,,,,,,435.0,1.0,,435.0,Sunday,20220925,271,462.88,-27.88,
272_20220926__435x8,,,,,,,,435.0,8.0,,529.395,Monday,20220926,272,463.8421429,65.55285714,
273_20220927__435x1,,,,,,,,435.0,1.0,,435.0,Tuesday,20220927,273,463.8421429,-28.84214286,
274_20220928__475x1,,,,,,,,475.0,1.0,,475.0,Wednesday,20220928,274,465.2707143,9.729285714,
275_20220929__435x4,,,,,,,,435.0,4.0,,475.455,Thursday,20220929,275,473.9071429,1.547857143,
276_20220930__435x1,,,,,,,,435.0,1.0,,435.0,Friday,20220930,276,469.6214286,-34.62142857,
277_20221001__475x4,,,,,,,,475.0,4.0,,519.175,Saturday,20221001,277,472.0035714,47.17142857,
278_20221002__455x2,,,,,,,,455.0,2.0,,469.105,Sunday,20221002,278,476.8757143,-7.770714286,
279_20221003__435x4,,,,,,,,435.0,4.0,,475.455,Monday,20221003,279,469.17,6.285,
280_20221004__435x5,,,,,,,,435.0,5.0,,488.94,Tuesday,20221004,280,476.8757143,12.06428571,
281_20221005__455x2,,,,,,,,455.0,2.0,,469.105,Wednesday,20221005,281,476.0335714,-6.928571429,
282_20221006__465x2,,,,,,,,465.0,2.0,,479.415,Thursday,20221006,282,476.5992857,2.815714286,
283_20221007__435x10,,,,,,,,435.0,10.0,,556.365,Friday,20221007,283,493.9371429,62.42785714,
284_20221008__455x2,,,,,,,,455.0,2.0,,469.105,Saturday,20221008,284,486.7842857,-17.67928571,
285_20221009__485x1,,,,,,,,485.0,1.0,,485.0,Sunday,20221009,285,489.055,-4.055,
286_20221010__435x1,,,,,,,,435.0,1.0,,435.0,Monday,20221010,286,483.2757143,-48.27571429,
287_20221011__455x5,,,,,,,,455.0,5.0,,511.42,Tuesday,20221011,287,486.4871429,24.93285714,
288_20221012__440x2,,,,,,,,440.0,2.0,,453.64,Wednesday,20221012,288,484.2778571,-30.63785714,
289_20221013__455x2,,,,,,,,455.0,2.0,,469.105,Thursday,20221013,289,482.805,-13.7,
290_20221014__455x3,,,,,,,,455.0,3.0,,483.21,Friday,20221014,290,472.3542857,10.85571429,
291_20221015__505x4,,,,,,,,505.0,4.0,,551.965,Saturday,20221015,291,484.1914286,67.77357143,
292_20221016__455x1,,,,,,,,455.0,1.0,,455.0,Sunday,20221016,292,479.9057143,-24.90571429,
293_20221017__475x3,,,,,,,,475.0,3.0,,504.45,Monday,20221017,293,489.8271429,14.62285714,
294_20221018__455x2,,,,,,,,455.0,2.0,,469.105,Tuesday,20221018,294,483.7821429,-14.67714286,
295_20221019__435x3,,,,,,,,435.0,3.0,,461.97,Wednesday,20221019,295,484.9721429,-23.00214286,
296_20221020__455x1,,,,,,,,455.0,1.0,,455.0,Thursday,20221020,296,482.9571429,-27.95714286,
297_20221021__435x3,,,,,,,,435.0,3.0,,461.97,Friday,20221021,297,479.9228571,-17.95285714,
298_20221022__435x5,,,,,,,,435.0,5.0,,488.94,Saturday,20221022,298,470.9192857,18.02071429,
299_20221023__435x3,,,,,,,,435.0,3.0,,461.97,Sunday,20221023,299,471.915,-9.945,
300_20221024__485x2,,,,,,,,485.0,2.0,,500.035,Monday,20221024,300,471.2842857,28.75071429,
301_20221025__435x3,,,,,,,,435.0,3.0,,461.97,Tuesday,20221025,301,470.265,-8.295,
302_20221026__455x1,,,,,,,,455.0,1.0,,455.0,Wednesday,20221026,302,469.2692857,-14.26928571,
303_20221027__440x2,,,,,,,,440.0,2.0,,453.64,Thursday,20221027,303,469.075,-15.435,
304_20221028__455x3,,,,,,,,455.0,3.0,,483.21,Friday,20221028,304,472.1092857,11.10071429,
305_20221029__455x1,,,,,,,,455.0,1.0,,455.0,Saturday,20221029,305,467.2607143,-12.26071429,
306_20221030__440x2,,,,,,,,440.0,2.0,,453.64,Sunday,20221030,306,466.0707143,-12.43071429,
307_20221031__455x2,,,,,,,,455.0,2.0,,469.105,Monday,20221031,307,461.6521429,7.452857143,
308_20221101__475x2,,,,,,,,475.0,2.0,,489.725,Tuesday,20221101,308,465.6171429,24.10785714,
309_20221102__455x1,,,,,,,,455.0,1.0,,455.0,Wednesday,20221102,309,465.6171429,-10.61714286,
310_20221103__455x1,,,,,,,,455.0,1.0,,455.0,Thursday,20221103,310,465.8114286,-10.81142857,
311_20221104__435x4,,,,,,,,435.0,4.0,,475.455,Friday,20221104,311,464.7035714,10.75142857,
312_20221105__435x3,,,,,,,,435.0,3.0,,461.97,Saturday,20221105,312,465.6992857,-3.729285714,
313_20221106__525x1,,,,,,,,525.0,1.0,,525.0,Sunday,20221106,313,475.8935714,49.10642857,
314_20221107__435x3,,,,,,,,435.0,3.0,,461.97,Monday,20221107,314,474.8742857,-12.90428571,
315_20221108__435x4,,,,,,,,435.0,4.0,,475.455,Tuesday,20221108,315,472.8357143,2.619285714,
316_20221109__440x2,,,,,,,,440.0,2.0,,453.64,Wednesday,20221109,316,472.6414286,-19.00142857,
317_20221110__440x2,,,,,,,,440.0,2.0,,453.64,Thursday,20221110,317,472.4471429,-18.80714286,
318_20221111__440x2,,,,,,,,440.0,2.0,,453.64,Friday,20221111,318,469.3307143,-15.69071429,
319_20221112__445x2,,,,,,,,445.0,2.0,,458.795,Saturday,20221112,319,468.8771429,-10.08214286,
320_20221113__475x8,,,,,,,,475.0,8.0,,578.075,Sunday,20221113,320,476.4592857,101.6157143,
321_20221114__455x1,,,,,,,,455.0,1.0,,455.0,Monday,20221114,321,475.4635714,-20.46357143,
322_20221115__455x1,,,,,,,,455.0,1.0,,455.0,Tuesday,20221115,322,472.5414286,-17.54142857,
323_20221116__455x2,,,,,,,,455.0,2.0,,469.105,Wednesday,20221116,323,474.7507143,-5.645714286,
324_20221117__455x3,,,,,,,,455.0,3.0,,483.21,Thursday,20221117,324,478.975,4.235,
325_20221118__455x1,,,,,,,,455.0,1.0,,455.0,Friday,20221118,325,479.1692857,-24.16928571,
326_20221119__455x3,,,,,,,,455.0,3.0,,483.21,Saturday,20221119,326,482.6571429,0.5528571429,
327_20221120__455x1,,,,,,,,455.0,1.0,,455.0,Sunday,20221120,327,465.075,-10.075,
328_20221121__455x2,,,,,,,,455.0,2.0,,469.105,Monday,20221121,328,467.09,2.015,
329_20221122__455x3,,,,,,,,455.0,3.0,,483.21,Tuesday,20221122,329,471.12,12.09,
330_20221123__475x3,,,,,,,,475.0,3.0,,504.45,Wednesday,20221123,330,476.1692857,28.28071429,
331_20221124__455x3,,,,,,,,455.0,3.0,,483.21,Thursday,20221124,331,476.1692857,7.040714286,
332_20221125__455x3,,,,,,,,455.0,3.0,,483.21,Friday,20221125,332,480.1992857,3.010714286,
333_20221126__458x1,,,,,,,,458.0,1.0,,458.0,Saturday,20221126,333,476.5978571,-18.59785714,
334_20221127__455x3,,,,,,,,455.0,3.0,,483.21,Sunday,20221127,334,480.6278571,2.582142857,
335_20221128__455x3,,,,,,,,455.0,3.0,,483.21,Monday,20221128,335,482.6428571,0.5671428571,
336_20221129__505x1,,,,,,,,505.0,1.0,,505.0,Tuesday,20221129,336,485.7557143,19.24428571,
337_20221130__455x3,,,,,,,,455.0,3.0,,483.21,Wednesday,20221130,337,482.7214286,0.4885714286,
338_20221201__455x3,,,,,,,,455.0,3.0,,483.21,Thursday,20221201,338,482.7214286,0.4885714286,
339_20221202__455x3,,,,,,,,455.0,3.0,,483.21,Friday,20221202,339,482.7214286,0.4885714286,
340_20221203__445x2,,,,,,,,445.0,2.0,,458.795,Saturday,20221203,340,482.835,-24.04,
341_20221204__455x2,,,,,,,,455.0,2.0,,469.105,Sunday,20221204,341,480.82,-11.715,
342_20221205__505x6,,,,,,,,505.0,6.0,,583.275,Monday,20221205,342,495.115,88.16,
343_20221206__455x3,,,,,,,,455.0,3.0,,483.21,Tuesday,20221206,343,492.0021429,-8.792142857,
344_20221207__455x3,,,,,,,,455.0,3.0,,483.21,Wednesday,20221207,344,492.0021429,-8.792142857,
345_20221208__455x1,,,,,,,,455.0,1.0,,455.0,Thursday,20221208,345,487.9721429,-32.97214286,
346_20221209__455x1,,,,,,,,455.0,1.0,,455.0,Friday,20221209,346,483.9421429,-28.94214286,
347_20221210__455x1,,,,,,,,455.0,1.0,,455.0,Saturday,20221210,347,483.4,-28.4,
348_20221211__455x3,,,,,,,,455.0,3.0,,483.21,Sunday,20221211,348,485.415,-2.205,
349_20221212__455x3,,,,,,,,455.0,3.0,,483.21,Monday,20221212,349,471.12,12.09,
350_20221213__455x1,,,,,,,,455.0,1.0,,455.0,Tuesday,20221213,350,467.09,-12.09,
351_20221214__455x1,,,,,,,,455.0,1.0,,455.0,Wednesday,20221214,351,463.06,-8.06,
352_20221215__455x1,,,,,,,,455.0,1.0,,455.0,Thursday,20221215,352,463.06,-8.06,
353_20221216__455x1,,,,,,,,455.0,1.0,,455.0,Friday,20221216,353,463.06,-8.06,
354_20221217__505x1,,,,,,,,505.0,1.0,,505.0,Saturday,20221217,354,470.2028571,34.79714286,
355_20221218__505x1,,,,,,,,505.0,1.0,,505.0,Sunday,20221218,355,473.3157143,31.68428571,
356_20221219__505x1,,,,,,,,505.0,1.0,,505.0,Monday,20221219,356,476.4285714,28.57142857,
357_20221220__505x1,,,,,,,,505.0,1.0,,505.0,Tuesday,20221220,357,483.5714286,21.42857143,
358_20221221__505x1,,,,,,,,505.0,1.0,,505.0,Wednesday,20221221,358,490.7142857,14.28571429,
359_20221222__505x1,,,,,,,,505.0,1.0,,505.0,Thursday,20221222,359,497.8571429,7.142857143,
360_20221223__505x1,,,,,,,,505.0,1.0,,505.0,Friday,20221223,360,505.0,0.0,
361_20221224__505x1,,,,,,,,505.0,1.0,,505.0,Saturday,20221224,361,505.0,0.0,
362_20221225__505x1,,,,,,,,505.0,1.0,,505.0,Sunday,20221225,362,505.0,0.0,
363_20221226__505x1,,,,,,,,505.0,1.0,,505.0,Monday,20221226,363,505.0,0.0,
364_20221227__505x1,,,,,,,,505.0,1.0,,505.0,Tuesday,20221227,364,505.0,0.0,
365_20221228__505x1,,,,,,,,505.0,1.0,,505.0,Wednesday,20221228,365,505.0,0.0,
366_20221229__505x1,,,,,,,,505.0,1.0,,505.0,Thursday,20221229,366,505.0,0.0,
367_20221230__505x1,,,,,,,,505.0,1.0,,505.0,Friday,20221230,367,505.0,0.0,
368_20221231__455x1,,,,,,,,455.0,1.0,,455.0,Saturday,20221231,368,497.8571429,-42.85714286,
369_20230101__455x2,,,S,0.0,0.0,1.0,0.0,455.0,2.0,,469.105,Sunday,20230101,369,492.7292857,-23.62428571,
370_20230102__455x3,,,S,0.0,0.0,0.0,0.0,455.0,3.0,,483.21,Monday,20230102,370,489.6164286,-6.406428571,
371_20230103__455x2,,,M,0.0,0.0,0.0,0.0,455.0,2.0,,469.105,Tuesday,20230103,371,484.4885714,-15.38357143,
372_20230104__455x3,,,S,0.0,0.0,0.0,1.0,455.0,3.0,,483.21,Wednesday,20230104,372,481.3757143,1.834285714,
373_20230105__475x1,,,S,0.0,0.0,0.0,0.0,475.0,1.0,,475.0,Thursday,20230105,373,477.09,-2.09,
374_20230106__455x1,,,M,1.0,0.0,0.0,0.0,455.0,1.0,,455.0,Friday,20230106,374,469.9471429,-14.94714286,
375_20230107__525x2,,,S,0.0,0.0,0.0,0.0,525.0,2.0,,541.275,Saturday,20230107,375,482.2721429,59.00285714,
376_20230108__475x1,,,M,0.0,0.0,0.0,0.0,475.0,1.0,,475.0,Sunday,20230108,376,483.1142857,-8.114285714,
377_20230109__455x2,,,S,0.0,0.0,0.0,0.0,455.0,2.0,,469.105,Monday,20230109,377,481.0992857,-11.99428571,
378_20230110__505x1,,,S,0.0,0.0,0.0,0.0,505.0,1.0,,505.0,Tuesday,20230110,378,486.2271429,18.77285714,
379_20230111__505x2,,,M,0.0,0.0,0.0,0.0,505.0,2.0,,520.655,Wednesday,20230111,379,491.5764286,29.07857143,
380_20230112__455x3,,,S,0.0,0.0,0.0,1.0,455.0,3.0,,483.21,Thursday,20230112,380,492.7492857,-9.539285714,
381_20230113__455x4,,,S,0.0,0.0,0.0,0.0,455.0,4.0,,497.315,Friday,20230113,381,498.7942857,-1.479285714,
382_20230114__475x2,,,M,0.0,0.0,1.0,0.0,475.0,2.0,,489.725,Saturday,20230114,382,491.43,-1.705,
383_20230115__455x3,,,S,0.0,0.0,0.0,0.0,455.0,3.0,,483.21,Sunday,20230115,383,492.6028571,-9.392857143,
384_20230116__505x2,,,S,0.0,0.0,0.0,0.0,505.0,2.0,,520.655,Monday,20230116,384,499.9671429,20.68785714,
385_20230117__475x2,,,M,0.0,0.0,0.0,0.0,475.0,2.0,,489.725,Tuesday,20230117,385,497.785,-8.06,
386_20230118__475x3,,,S,0.0,0.0,0.0,0.0,475.0,3.0,,504.45,Wednesday,20230118,386,495.47,8.98,
387_20230119__455x5,,,S,0.0,0.0,0.0,0.0,455.0,5.0,,511.42,Thursday,20230119,387,499.5,11.92,
388_20230120__455x3,,,S,0.0,0.0,0.0,0.0,455.0,3.0,,483.21,Friday,20230120,388,497.485,-14.275,
389_20230121__455x3,,,S,0.0,0.0,0.0,0.0,455.0,3.0,,483.21,Saturday,20230121,389,496.5542857,-13.34428571,
390_20230122__455x1,,,S,1.0,0.0,0.0,0.0,455.0,1.0,,455.0,Sunday,20230122,390,492.5242857,-37.52428571,
391_20230123__455x3,,,S,0.0,0.0,0.0,0.0,455.0,3.0,,483.21,Monday,20230123,391,487.175,-3.965,
392_20230124__475x3,,,S,0.0,0.0,0.0,0.0,475.0,3.0,,504.45,Tuesday,20230124,392,489.2785714,15.17142857,
393_20230125__455x1,,,S,0.0,0.0,0.0,0.0,455.0,1.0,,455.0,Wednesday,20230125,393,482.2142857,-27.21428571,
394_20230126__455x1,,,M,0.0,0.0,0.0,0.0,455.0,1.0,,455.0,Thursday,20230126,394,474.1542857,-19.15428571,
395_20230127__455x1,,,S,0.0,0.0,0.0,0.0,455.0,1.0,,455.0,Friday,20230127,395,470.1242857,-15.12428571,
396_20230128__545x2,,,M,0.0,0.0,0.0,0.0,545.0,2.0,,561.895,Saturday,20230128,396,481.365,80.53,
397_20230129__455x2,,,S,0.0,0.0,0.0,0.0,455.0,2.0,,469.105,Sunday,20230129,397,483.38,-14.275,
398_20230130__475x2,,,S,0.0,0.0,0.0,0.0,475.0,2.0,,489.725,Monday,20230130,398,484.3107143,5.414285714,
399_20230131__475x2,,,S,0.0,0.0,0.0,0.0,475.0,2.0,,489.725,Tuesday,20230131,399,482.2071429,7.517857143,
400_20230201__455x4,,,S,0.0,0.0,0.0,0.0,455.0,4.0,,497.315,Wednesday,20230201,400,488.2521429,9.062857143,
401_20230202__455x1,,,S,0.0,0.0,0.0,0.0,455.0,1.0,,455.0,Thursday,20230202,401,488.2521429,-33.25214286,
402_20230203__455x2,,,S,0.0,0.0,0.0,0.0,455.0,2.0,,469.105,Friday,20230203,402,490.2671429,-21.16214286,
403_20230204__455x1,,,S,0.0,0.0,0.0,0.0,455.0,1.0,,455.0,Saturday,20230204,403,474.9964286,-19.99642857,
404_20230205__455x1,,,S,0.0,0.0,0.0,0.0,455.0,1.0,,455.0,Sunday,20230205,404,472.9814286,-17.98142857,
405_20230206__455x1,,,M,0.0,0.0,0.0,0.0,455.0,1.0,,455.0,Monday,20230206,405,468.0207143,-13.02071429,
406_20230207__455x1,,,S,0.0,0.0,0.0,0.0,455.0,1.0,,455.0,Tuesday,20230207,406,463.06,-8.06,
407_20230208__505x2,,,M,0.0,0.0,0.0,0.0,505.0,2.0,,520.655,Wednesday,20230208,407,466.3942857,54.26071429,
408_20230209__455x1,,,S,0.0,0.0,0.0,0.0,455.0,1.0,,455.0,Thursday,20230209,408,466.3942857,-11.39428571,
409_20230210__505x1,,,S,0.0,1.0,0.0,0.0,505.0,1.0,,505.0,Friday,20230210,409,471.5221429,33.47785714,
410_20230211__505x2,,,S,0.0,1.0,0.0,0.0,505.0,2.0,,520.655,Saturday,20230211,410,480.9014286,39.75357143,
411_20230212__455x1,,,S,0.0,0.0,0.0,0.0,455.0,1.0,,455.0,Sunday,20230212,411,480.9014286,-25.90142857,
412_20230213__475x2,,,M,0.0,0.0,0.0,0.0,475.0,2.0,,489.725,Monday,20230213,412,485.8621429,3.862857143,
413_20230214__505x1,,,M,0.0,0.0,0.0,1.0,505.0,1.0,,505.0,Tuesday,20230214,413,493.005,11.995,
414_20230215__475x1,,,S,0.0,0.0,0.0,0.0,475.0,1.0,,475.0,Wednesday,20230215,414,486.4828571,-11.48285714,
415_20230216__495x2,,,S,0.0,1.0,0.0,0.0,495.0,2.0,,510.345,Thursday,20230216,415,494.3892857,15.95571429,
416_20230217__475x2,,,S,0.0,0.0,0.0,0.0,475.0,2.0,,489.725,Friday,20230217,416,492.2071429,-2.482142857,
417_20230218__525x2,,,M,0.0,0.0,0.0,0.0,525.0,2.0,,541.275,Saturday,20230218,417,495.1528571,46.12214286,
418_20230219__515x1,,,M,0.0,0.0,0.0,0.0,515.0,1.0,,515.0,Sunday,20230219,418,503.7242857,11.27571429,
419_20230220__475x3,,,S,0.0,0.0,0.0,0.0,475.0,3.0,,504.45,Monday,20230220,419,505.8278571,-1.377857143,
420_20230221__455x4,,,S,0.0,1.0,0.0,0.0,455.0,4.0,,497.315,Tuesday,20230221,420,504.73,-7.415,
421_20230222__475x1,,,M,0.0,0.0,0.0,0.0,475.0,1.0,,475.0,Wednesday,20230222,421,504.73,-29.73,
422_20230223__475x1,,,S,0.0,0.0,0.0,0.0,475.0,1.0,,475.0,Thursday,20230223,422,499.6807143,-24.68071429,
423_20230224__475x2,,,M,0.0,0.0,0.0,0.0,475.0,2.0,,489.725,Friday,20230224,423,499.6807143,-9.955714286,
424_20230225__475x2,,,M,0.0,0.0,1.0,0.0,475.0,2.0,,489.725,Saturday,20230225,424,492.3164286,-2.591428571,
425_20230226__475x2,,,S,0.0,0.0,0.0,0.0,475.0,2.0,,489.725,Sunday,20230226,425,488.7057143,1.019285714,
426_20230227__475x1,,,S,0.0,0.0,0.0,0.0,475.0,1.0,,475.0,Monday,20230227,426,484.4985714,-9.498571429,
427_20230228__505x2,,,S,0.0,1.0,0.0,0.0,505.0,2.0,,520.655,Tuesday,20230228,427,487.8328571,32.82214286,
428_20230301__475x1,,,M,0.0,0.0,0.0,0.0,475.0,1.0,,475.0,Wednesday,20230301,428,487.8328571,-12.83285714,
429_20230302__475x4,,,S,0.0,1.0,0.0,0.0,475.0,4.0,,519.175,Thursday,20230302,429,494.1435714,25.03142857,
430_20230303__475x1,,,M,0.0,0.0,0.0,0.0,475.0,1.0,,475.0,Friday,20230303,430,492.04,-17.04,
431_20230304__475x1,,,M,0.0,0.0,0.0,0.0,475.0,1.0,,475.0,Saturday,20230304,431,489.9364286,-14.93642857,
432_20230305__455x3,,,S,0.0,0.0,0.0,0.0,455.0,3.0,,483.21,Sunday,20230305,432,489.0057143,-5.795714286,
433_20230306__455x2,,,S,0.0,1.0,0.0,0.0,455.0,2.0,,469.105,Monday,20230306,433,488.1635714,-19.05857143,
434_20230307__455x2,,,S,0.0,1.0,0.0,0.0,455.0,2.0,,469.105,Tuesday,20230307,434,480.7992857,-11.69428571,
435_20230308__455x1,,,S,0.0,0.0,0.0,0.0,455.0,1.0,,455.0,Wednesday,20230308,435,477.9421429,-22.94214286,
436_20230309__505x1,,,S,0.0,1.0,0.0,0.0,505.0,1.0,,505.0,Thursday,20230309,436,475.9171429,29.08285714,
437_20230310__475x2,,,M,0.0,0.0,0.0,0.0,475.0,2.0,,489.725,Friday,20230310,437,478.0207143,11.70428571,
438_20230311__455x3,,,S,0.0,0.0,0.0,0.0,455.0,3.0,,483.21,Saturday,20230311,438,479.1935714,4.016428571,
439_20230312__555x1,,,M,0.0,0.0,0.0,0.0,555.0,1.0,,555.0,Sunday,20230312,439,489.4492857,65.55071429,
440_20230313__455x4,,,S,0.0,1.0,0.0,0.0,455.0,4.0,,497.315,Monday,20230313,440,493.4792857,3.835714286,
441_20230314__475x1,,,M,0.0,0.0,0.0,0.0,475.0,1.0,,475.0,Tuesday,20230314,441,494.3214286,-19.32142857,
442_20230315__475x1,,,M,0.0,0.0,0.0,0.0,475.0,1.0,,475.0,Wednesday,20230315,442,497.1785714,-22.17857143,
443_20230316__455x4,,,S,0.0,1.0,0.0,0.0,455.0,4.0,,497.315,Thursday,20230316,443,496.0807143,1.234285714,
444_20230317__475x1,,,M,0.0,0.0,0.0,0.0,475.0,1.0,,475.0,Friday,20230317,444,493.9771429,-18.97714286,
445_20230318__475x1,,,M,0.0,0.0,0.0,0.0,475.0,1.0,,475.0,Saturday,20230318,445,492.8042857,-17.80428571,
446_20230319__475x1,,,M,0.0,0.0,0.0,0.0,475.0,1.0,,475.0,Sunday,20230319,446,481.3757143,-6.375714286,
447_20230320__455x2,,,S,0.0,1.0,0.0,0.0,455.0,2.0,,469.105,Monday,20230320,447,477.3457143,-8.240714286,
448_20230321__455x2,,,M,0.0,0.0,0.0,0.0,455.0,2.0,,469.105,Tuesday,20230321,448,476.5035714,-7.398571429,
449_20230322__455x2,,,M,0.0,0.0,0.0,0.0,455.0,2.0,,469.105,Wednesday,20230322,449,475.6614286,-6.556428571,
450_20230323__455x4,,,S,0.0,1.0,0.0,0.0,455.0,4.0,,497.315,Thursday,20230323,450,475.6614286,21.65357143,
451_20230324__455x3,,,M,0.0,1.0,0.0,0.0,455.0,3.0,,483.21,Friday,20230324,451,476.8342857,6.375714286,
452_20230325__455x3,,,M,0.0,0.0,0.0,0.0,455.0,3.0,,483.21,Saturday,20230325,452,478.0071429,5.202857143,
453_20230326__505x1,,,M,0.0,0.0,0.0,0.0,505.0,1.0,,505.0,Sunday,20230326,453,482.2928571,22.70714286,
454_20230327__455x3,,,M,0.0,1.0,0.0,0.0,455.0,3.0,,483.21,Monday,20230327,454,484.3078571,-1.097857143,
455_20230328__455x2,,,M,0.0,0.0,0.0,0.0,455.0,2.0,,469.105,Tuesday,20230328,455,484.3078571,-15.20285714,
456_20230329__455x2,,,M,0.0,0.0,0.0,0.0,455.0,2.0,,469.105,Wednesday,20230329,456,484.3078571,-15.20285714,
457_20230330__505x2,,,M,0.0,0.0,0.0,0.0,505.0,2.0,,520.655,Thursday,20230330,457,487.6421429,33.01285714,
458_20230331__445x1,,,M,0.0,0.0,0.0,0.0,445.0,1.0,,445.0,Friday,20230331,458,482.1835714,-37.18357143,
459_20230401__485x3,,,M,0.0,0.0,0.0,0.0,485.0,3.0,,515.07,Saturday,20230401,459,486.735,28.335,
460_20230402__455x1,,,M,0.0,0.0,0.0,0.0,455.0,1.0,,455.0,Sunday,20230402,460,479.5921429,-24.59214286,
461_20230403__425x3,,,M,0.0,0.0,0.0,0.0,425.0,3.0,,451.35,Monday,20230403,461,475.0407143,-23.69071429,
462_20230404__405x2,,,M,0.0,0.0,0.0,0.0,405.0,2.0,,417.555,Tuesday,20230404,462,467.6764286,-50.12142857,
463_20230405__405x1,,,DO,0.0,0.0,0.0,0.0,405.0,1.0,,405.0,Wednesday,20230405,463,458.5185714,-53.51857143,
464_20230406__405x1,,,S,0.0,0.0,0.0,0.0,405.0,1.0,,405.0,Thursday,20230406,464,441.9964286,-36.99642857,
465_20230407__415x2,,,M,0.0,0.0,0.0,0.0,415.0,2.0,,427.865,Friday,20230407,465,439.5485714,-11.68357143,
466_20230408__405x1,,,M,1.0,0.0,0.0,0.0,405.0,1.0,,405.0,Saturday,20230408,466,423.8242857,-18.82428571,
467_20230409__415x3,,,M,0.0,0.0,0.0,0.0,415.0,3.0,,440.73,Sunday,20230409,467,421.7857143,18.94428571,
468_20230410__455x3,,,M,0.0,0.0,0.0,0.0,455.0,3.0,,483.21,Monday,20230410,468,426.3371429,56.87285714,
469_20230411__425x2,,,S,0.0,0.0,0.0,0.0,425.0,2.0,,438.175,Tuesday,20230411,469,429.2828571,8.892142857,
470_20230412__475x1,,,M,0.0,0.0,0.0,0.0,475.0,1.0,,475.0,Wednesday,20230412,470,439.2828571,35.71714286,
471_20230413__405x1,,,M,1.0,0.0,0.0,0.0,405.0,1.0,,405.0,Thursday,20230413,471,439.2828571,-34.28285714,
472_20230414__455x3,DJI,,M,0.0,0.0,0.0,0.0,455.0,3.0,,483.21,Friday,20230414,472,447.1892857,36.02071429,
473_20230415__425x2,DJI,,S,0.0,0.0,0.0,0.0,425.0,2.0,,438.175,Saturday,20230415,473,451.9285714,-13.75357143,
474_20230416__415x3,,,S,0.0,0.0,0.0,0.0,415.0,3.0,,440.73,Sunday,20230416,474,451.9285714,-11.19857143,
475_20230417__415x3,,,S,0.0,0.0,0.0,0.0,415.0,3.0,,440.73,Monday,20230417,475,445.86,-5.13,
476_20230418__415x2,,,M,0.0,0.0,0.0,0.0,415.0,2.0,,427.865,Tuesday,20230418,476,444.3871429,-16.52214286,
477_20230419__475x2,,,M,0.0,1.0,0.0,0.0,475.0,2.0,,489.725,Wednesday,20230419,477,446.4907143,43.23428571,
478_20230420__415x1,,,M,1.0,0.0,0.0,0.0,415.0,1.0,,415.0,Thursday,20230420,478,447.9192857,-32.91928571,
479_20230421__405x2,,,DO,0.0,1.0,0.0,0.0,405.0,2.0,,417.555,Friday,20230421,479,438.54,-20.985,
480_20230422__415x3,,,S,0.0,0.0,0.0,0.0,415.0,3.0,,440.73,Saturday,20230422,480,438.905,1.825,
481_20230423__415x2,,,M,1.0,0.0,0.0,0.0,415.0,2.0,,427.865,Sunday,20230423,481,437.0671429,-9.202142857,
482_20230424__425x1,,,M,1.0,0.0,0.0,0.0,425.0,1.0,,425.0,Monday,20230424,482,434.82,-9.82,
483_20230425__425x1,,,M,0.0,0.0,0.0,0.0,425.0,1.0,,425.0,Tuesday,20230425,483,434.4107143,-9.410714286,
484_20230426__535x1,,,M,0.0,0.0,0.0,0.0,535.0,1.0,,535.0,Wednesday,20230426,484,440.8785714,94.12142857,
485_20230427__415x1,,,S,1.0,0.0,0.0,0.0,415.0,1.0,,415.0,Thursday,20230427,485,440.8785714,-25.87857143,
486_20230428__415x1,,,S,1.0,0.0,0.0,0.0,415.0,1.0,,415.0,Friday,20230428,486,440.5135714,-25.51357143,
487_20230429__485x1,,,M,0.0,0.0,0.0,0.0,485.0,1.0,,485.0,Saturday,20230429,487,446.8378571,38.16214286,
488_20230430__405x1,,,M,0.0,0.0,0.0,0.0,405.0,1.0,,405.0,Sunday,20230430,488,443.5714286,-38.57142857,
489_20230501__405x1,,,S,1.0,0.0,0.0,0.0,405.0,1.0,,405.0,Monday,20230501,489,440.7142857,-35.71428571,
490_20230502__405x1,,,M,1.0,0.0,0.0,0.0,405.0,1.0,,405.0,Tuesday,20230502,490,437.8571429,-32.85714286,
491_20230503__405x1,,,S,1.0,0.0,0.0,0.0,405.0,1.0,,405.0,Wednesday,20230503,491,419.2857143,-14.28571429,
492_20230504__405x1,,,M,1.0,0.0,0.0,0.0,405.0,1.0,,405.0,Thursday,20230504,492,417.8571429,-12.85714286,
493_20230505__415x1,,,M,1.0,0.0,0.0,0.0,415.0,1.0,,415.0,Friday,20230505,493,417.8571429,-2.857142857,
494_20230506__540x1,,,M,0.0,0.0,0.0,0.0,540.0,1.0,,540.0,Saturday,20230506,494,425.7142857,114.2857143,
495_20230507__405x1,,,M,1.0,0.0,0.0,0.0,405.0,1.0,,405.0,Sunday,20230507,495,425.7142857,-20.71428571,
496_20230508_926_405x1,,"3x10 strict/push press (5 strict, 5 push) at 135",DO,1.0,1.0,0.0,0.0,405.0,1.0,926.0,405.0,Monday,20230508,496,425.7142857,-20.71428571,
497_20230509_1318_405x1,,,M,1.0,0.0,0.0,0.0,405.0,1.0,1318.0,405.0,Tuesday,20230509,497,425.7142857,-20.71428571,
498_20230510_1917_405x1,,,M,1.0,0.0,0.0,0.0,405.0,1.0,1917.0,405.0,Wednesday,20230510,498,425.7142857,-20.71428571,
499_20230511_1805_405x1,,,M,1.0,0.0,0.0,0.0,405.0,1.0,1805.0,405.0,Thursday,20230511,499,425.7142857,-20.71428571,
500_20230512_1406_405x1,,,M,1.0,0.0,0.0,0.0,405.0,1.0,1406.0,405.0,Friday,20230512,500,424.2857143,-19.28571429,
501_20230513_1347_405x1,,,M,1.0,0.0,0.0,0.0,405.0,1.0,1347.0,405.0,Saturday,20230513,501,405.0,0.0,
502_20230514_1518_405x1,,,M,1.0,0.0,0.0,0.0,405.0,1.0,1518.0,405.0,Sunday,20230514,502,405.0,0.0,
503_20230515_702_405x1,,REALTIME 545 AM,M,1.0,0.0,0.0,0.0,405.0,1.0,702.0,405.0,Monday,20230515,503,405.0,0.0,
504_20230516_1459_405x1,,,M,0.0,0.0,0.0,0.0,405.0,1.0,1459.0,405.0,Tuesday,20230516,504,405.0,0.0,
505_20230517_1459_405x1,,,M,1.0,0.0,0.0,0.0,405.0,1.0,1459.0,405.0,Wednesday,20230517,505,405.0,0.0,
506_20230518_1210_405x1,,,M,1.0,1.0,0.0,0.0,405.0,1.0,1210.0,405.0,Thursday,20230518,506,405.0,0.0,
507_20230519_1634_405x1,,,M,1.0,0.0,0.0,0.0,405.0,1.0,1634.0,405.0,Friday,20230519,507,405.0,0.0,
508_20230520_1822_405x1,,,DO,1.0,0.0,0.0,0.0,405.0,1.0,1822.0,405.0,Saturday,20230520,508,405.0,0.0,
509_20230521_1817_405x3,,,M,1.0,0.0,0.0,0.0,405.0,3.0,1817.0,430.11,Sunday,20230521,509,408.5871429,21.52285714,
510_20230522_1231_425x1,,,M,1.0,1.0,0.0,0.0,425.0,1.0,1231.0,425.0,Monday,20230522,510,411.4442857,13.55571429,
511_20230523_2059_405x1,,,M,1.0,0.0,0.0,1.0,405.0,1.0,2059.0,405.0,Tuesday,20230523,511,411.4442857,-6.444285714,
512_20230524_1218_415x1,,,DO,0.0,0.0,0.0,0.0,415.0,1.0,1218.0,415.0,Wednesday,20230524,512,412.8728571,2.127142857,
513_20230525__405x1,,,M,1.0,0.0,0.0,0.0,405.0,1.0,,405.0,Thursday,20230525,513,412.8728571,-7.872857143,
514_20230526__x,,XXX,,,,,,,,,,Friday,20230526,514,,,
515_20230527_1538_425x2,DJI,,M,0.0,0.0,0.0,0.0,425.0,2.0,1538.0,438.175,Saturday,20230527,515,419.7141667,18.46083333,
516_20230528_1214_415x1,Phone,Done at Mom's House!,M,0.0,1.0,0.0,0.0,415.0,1.0,1214.0,415.0,Sunday,20230528,516,417.1958333,-2.195833333,
517_20230529_1901_455x1,DJI,,M,0.0,0.0,0.0,0.0,455.0,1.0,1901.0,455.0,Monday,20230529,517,422.1958333,32.80416667,
518_20230530__415x1,,,M,0.0,1.0,0.0,0.0,415.0,1.0,,415.0,Tuesday,20230530,518,423.8625,-8.8625,
519_20230531__405x1,,"After running home, tired AF",M,0.0,0.0,0.0,0.0,405.0,1.0,,405.0,Wednesday,20230531,519,422.1958333,-17.19583333,
520_20230601__405x1,,,M,0.0,1.0,0.0,1.0,405.0,1.0,,405.0,Thursday,20230601,520,422.1958333,-17.19583333,
521_20230602__415x1,,,M,1.0,1.0,0.0,0.0,415.0,1.0,,415.0,Friday,20230602,521,421.1678571,-6.167857143,
522_20230603__405x1,,Didn't record the first tiem so had to do it twice,M,1.0,0.0,0.0,1.0,405.0,1.0,,405.0,Saturday,20230603,522,416.4285714,-11.42857143,
523_20230604__405x5,,"Did after squatting, am tired",S,0.0,0.0,0.0,0.0,405.0,5.0,,455.22,Sunday,20230604,523,422.1742857,33.04571429,
524_20230605__x,,,,,,,,,,,,Monday,20230605,524,,,
525_20230606__405x5,,,S,0.0,1.0,0.0,0.0,405.0,5.0,,455.22,Tuesday,20230606,525,423.4066667,31.81333333,
526_20230607__405x1,,"Did at 5:45:15 AM, new record",M,0.0,0.0,0.0,0.0,405.0,1.0,,405.0,Wednesday,20230607,526,423.4066667,-18.40666667,
527_20230608__x,,,,,,,,,,,,Thursday,20230608,527,,,
528_20230609__415x1,,,S,,,,,415.0,1.0,,415.0,Friday,20230609,528,427.088,-12.088,
529_20230610__405x2,,,M,0.0,0.0,0.0,0.0,405.0,2.0,,417.555,Saturday,20230610,529,429.599,-12.044,
530_20230611__x,,,,,,,,,,,,Sunday,20230611,530,,,
531_20230612__x,,,,,,,,,,,,Monday,20230612,531,,,
532_20230613__x,,,,,,,,,,,,Tuesday,20230613,532,,,
533_20230614__x,,,,,,,,,,,,Wednesday,20230614,533,,,
534_20230615__x,,,,,,,,,,,,Thursday,20230615,534,,,
535_20230616__x,,,,,,,,,,,,Friday,20230616,535,,,
536_20230617__x,,,,,,,,,,,,Saturday,20230617,536,,,
537_20230618__x,,,,,,,,,,,,Sunday,20230618,537,,,
538_20230619__x,,,,,,,,,,,,Monday,20230619,538,,,
539_20230620__x,,,,,,,,,,,,Tuesday,20230620,539,,,
540_20230621__405x1,,did after running 5.5 miles,S,0.0,0.0,0.0,0.0,405.0,1.0,,405.0,Wednesday,20230621,540,405.0,0.0,
541_20230622__475x1,,,M,1.0,0.0,0.0,0.0,475.0,1.0,,475.0,Thursday,20230622,541,440.0,35.0,
542_20230623__405x2,,,M,1.0,0.0,0.0,0.0,405.0,2.0,,417.555,Friday,20230623,542,432.5183333,-14.96333333,
543_20230624__405x2,,,M,1.0,1.0,0.0,0.0,405.0,2.0,,417.555,Saturday,20230624,543,428.7775,-11.2225,
544_20230625__425x5,,,S,0.0,0.0,0.0,0.0,425.0,5.0,,477.7,Sunday,20230625,544,438.562,39.138,
545_20230626__425x1,,,M,1.0,0.0,0.0,0.0,425.0,1.0,,425.0,Monday,20230626,545,436.3016667,-11.30166667,
546_20230627__425x5,,,S,0.0,0.0,0.0,0.0,425.0,5.0,,477.7,Tuesday,20230627,546,442.2157143,35.48428571,
547_20230628__435x2,,,M,1.0,1.0,0.0,0.0,435.0,2.0,,448.485,Wednesday,20230628,547,448.4278571,0.05714285714,
548_20230629__425x1,,,M,1.0,1.0,0.0,0.0,425.0,1.0,,425.0,Thursday,20230629,548,441.285,-16.285,
549_20230630__425x1,,,M,1.0,1.0,0.0,0.0,425.0,1.0,,425.0,Friday,20230630,549,442.3485714,-17.34857143,
550_20230701__425x1,,,M,1.0,0.0,0.0,0.0,425.0,1.0,,425.0,Saturday,20230701,550,443.4121429,-18.41214286,
551_20230702__425x3,,,M,0.0,0.0,0.0,0.0,425.0,3.0,,451.35,Sunday,20230702,551,439.6478571,11.70214286,
552_20230703__425x4,,,S,0.0,0.0,0.0,0.0,425.0,4.0,,464.525,Monday,20230703,552,445.2942857,19.23071429,
553_20230704__505x3,,,S,0.0,0.0,0.0,0.0,505.0,3.0,,536.31,Tuesday,20230704,553,453.6671429,82.64285714,
554_20230705__x,,,,,,,,,,,,Wednesday,20230705,554,,,
555_20230706__x,,,,,,,,,,,,Thursday,20230706,555,,,
556_20230707_423_405x1,,earliest deadlift day so far!!!,M,0.0,0.0,0.0,0.0,405.0,1.0,423.0,405.0,Friday,20230707,556,456.437,-51.437,
557_20230708__405x2,,,M,0.0,0.0,0.0,0.0,405.0,2.0,,417.555,Saturday,20230708,557,454.948,-37.393,
558_20230709__x,,,,,,,,,,,,Sunday,20230709,558,,,
559_20230710__x,,,,,,,,,,,,Monday,20230710,559,,,
560_20230711__x,,,,,,,,,,,,Tuesday,20230711,560,,,
561_20230712__x,,,,,,,,,,,,Wednesday,20230712,561,,,
562_20230713__x,,,,,,,,,,,,Thursday,20230713,562,,,
563_20230714__405x10,,,S,1.0,0.0,0.0,0.0,405.0,10.0,,517.995,Friday,20230714,563,467.775,50.22,
564_20230715__x,,,,,,,,,,,,Saturday,20230715,564,,,
565_20230716__x,,,,,,,,,,,,Sunday,20230716,565,,,
566_20230717__x,,,,,,,,,,,,Monday,20230717,566,,,
567_20230718__x,,,,,,,,,,,,Tuesday,20230718,567,,,
568_20230719__x,,,,,,,,,,,,Wednesday,20230719,568,,,
569_20230720__x,,,,,,,,,,,,Thursday,20230720,569,,,
570_20230721__x,,,,,,,,,,,,Friday,20230721,570,,,
571_20230722__x,,,,,,,,,,,,Saturday,20230722,571,,,
572_20230723__x,,,,,,,,,,,,Sunday,20230723,572,,,
573_20230724__x,,,,,,,,,,,,Monday,20230724,573,,,
574_20230725__415x1,,,,,,,,415.0,1.0,,415.0,Tuesday,20230725,574,415.0,0.0,
575_20230726__x,,,,,,,,,,,,Wednesday,20230726,575,,,
576_20230727__x,,,,,,,,,,,,Thursday,20230727,576,,,
577_20230728__x,,,,,,,,,,,,Friday,20230728,577,,,
578_20230729__x,,,,,,,,,,,,Saturday,20230729,578,,,
579_20230730__x,,,,,,,,,,,,Sunday,20230730,579,,,
580_20230731__x,,,,,,,,,,,,Monday,20230731,580,,,
581_20230801__x,,,,,,,,,,,,Tuesday,20230801,581,,,
582_20230802__x,,,,,,,,,,,,Wednesday,20230802,582,,,
583_20230803__x,,,,,,,,,,,,Thursday,20230803,583,,,
584_20230804__x,,,,,,,,,,,,Friday,20230804,584,,,
585_20230805__x,,,,,,,,,,,,Saturday,20230805,585,,,
586_20230806__x,,,,,,,,,,,,Sunday,20230806,586,,,
587_20230807__x,,,,,,,,,,,,Monday,20230807,587,,,
588_20230808__x,,,,,,,,,,,,Tuesday,20230808,588,,,
589_20230809__x,,,,,,,,,,,,Wednesday,20230809,589,,,
590_20230810__x,,,,,,,,,,,,Thursday,20230810,590,,,
591_20230811__x,,,,,,,,,,,,Friday,20230811,591,,,
592_20230812__x,,,,,,,,,,,,Saturday,20230812,592,,,
593_20230813__x,,,,,,,,,,,,Sunday,20230813,593,,,
594_20230814__x,,,,,,,,,,,,Monday,20230814,594,,,
595_20230815__x,,,,,,,,,,,,Tuesday,20230815,595,,,
596_20230816_1400_405x1,DJI,,H,1.0,0.0,0.0,0.0,405.0,1.0,1400.0,405.0,Wednesday,20230816,596,405.0,0.0,
597_20230817_1058_405x1,DJI,check on when thesis defense happened,H,1.0,0.0,0.0,0.0,405.0,1.0,1058.0,405.0,Thursday,20230817,597,405.0,0.0,
598_20230818__x,,check on when ran 15 miles,,,,,,,,,,Friday,20230818,598,,,
599_20230819__x,,,,,,,,,,,,Saturday,20230819,599,,,
600_20230820__x,,,,,,,,,,,,Sunday,20230820,600,,,
601_20230821__x,,,,,,,,,,,,Monday,20230821,601,,,
602_20230822__x,,,,,,,,,,,,Tuesday,20230822,602,,,
603_20230823__x,,,,,,,,,,,,Wednesday,20230823,603,,,
604_20230824__x,,,,,,,,,,,,Thursday,20230824,604,,,
605_20230825__x,,,,,,,,,,,,Friday,20230825,605,,,
606_20230826__x,,,,,,,,,,,,Saturday,20230826,606,,,
607_20230827__x,,,,,,,,,,,,Sunday,20230827,607,,,
608_20230828__x,,,,,,,,,,,,Monday,20230828,608,,,
609_20230829__x,,,,,,,,,,,,Tuesday,20230829,609,,,
610_20230830__x,,,,,,,,,,,,Wednesday,20230830,610,,,
611_20230831__x,,,,,,,,,,,,Thursday,20230831,611,,,
612_20230901__x,,,,,,,,,,,,Friday,20230901,612,,,
613_20230902__x,,,,,,,,,,,,Saturday,20230902,613,,,
614_20230903__x,,,,,,,,,,,,Sunday,20230903,614,,,
615_20230904__x,,,,,,,,,,,,Monday,20230904,615,,,
616_20230905__x,,,,,,,,,,,,Tuesday,20230905,616,,,
617_20230906_659_405x1,DJI,Good video of lifting in tight space,S,1.0,0.0,0.0,0.0,405.0,1.0,659.0,405.0,Wednesday,20230906,617,405.0,0.0,
618_20230907__x,,,,,,,,,,,,Thursday,20230907,618,,,
619_20230908__x,,,,,,,,,,,,Friday,20230908,619,,,
620_20230909__x,,,,,,,,,,,,Saturday,20230909,620,,,
621_20230910__x,,,,,,,,,,,,Sunday,20230910,621,,,
622_20230911__x,,,,,,,,,,,,Monday,20230911,622,,,
623_20230912__x,,,,,,,,,,,,Tuesday,20230912,623,,,
624_20230913__x,,,,,,,,,,,,Wednesday,20230913,624,,,
625_20230914__x,,,,,,,,,,,,Thursday,20230914,625,,,
626_20230915__x,,,,,,,,,,,,Friday,20230915,626,,,
627_20230916__x,,,,,,,,,,,,Saturday,20230916,627,,,
628_20230917__x,,,,,,,,,,,,Sunday,20230917,628,,,
629_20230918_1733_405x1,DJI,First day of LL ?,H,1.0,0.0,0.0,0.0,405.0,1.0,1733.0,405.0,Monday,20230918,629,405.0,0.0,
630_20230919__x,,,,,,,,,,,,Tuesday,20230919,630,,,
631_20230920__x,,,,,,,,,,,,Wednesday,20230920,631,,,
632_20230921_2007_405x1,DJI,,H,1.0,0.0,0.0,0.0,405.0,1.0,2007.0,405.0,Thursday,20230921,632,405.0,0.0,
633_20230922_1856_405x2,DJI,Possibly first work clothes lift,S,1.0,0.0,0.0,0.0,405.0,2.0,1856.0,417.555,Friday,20230922,633,409.185,8.37,
634_20230923_2044_405x2,DJI,,S,1.0,0.0,0.0,0.0,405.0,2.0,2044.0,417.555,Saturday,20230923,634,411.2775,6.2775,
635_20230924_1811_405x3,DJI,,S,1.0,0.0,0.0,0.0,405.0,3.0,1811.0,430.11,Sunday,20230924,635,415.044,15.066,
636_20230925__x,,,,,,,,,,,,Monday,20230925,636,,,
637_20230926__x,,,,,,,,,,,,Tuesday,20230926,637,,,
638_20230927__x,,,,,,,,,,,,Wednesday,20230927,638,,,
639_20230928__x,,,,,,,,,,,,Thursday,20230928,639,,,
640_20230929__x,,,,,,,,,,,,Friday,20230929,640,,,
641_20230930_1113_405x3,DJI,,S,1.0,0.0,0.0,0.0,405.0,3.0,1113.0,430.11,Saturday,20230930,641,430.11,0.0,
642_20231001__x,,,,,,,,,,,,Sunday,20231001,642,,,
643_20231002__x,,,,,,,,,,,,Monday,20231002,643,,,
644_20231003__x,,,,,,,,,,,,Tuesday,20231003,644,,,
645_20231004__x,,,,,,,,,,,,Wednesday,20231004,645,,,
646_20231005__x,,,,,,,,,,,,Thursday,20231005,646,,,
647_20231006__x,,,,,,,,,,,,Friday,20231006,647,,,
648_20231007__x,,,,,,,,,,,,Saturday,20231007,648,,,
649_20231008__x,,,,,,,,,,,,Sunday,20231008,649,,,
650_20231009__x,,,,,,,,,,,,Monday,20231009,650,,,
651_20231010__x,,,,,,,,,,,,Tuesday,20231010,651,,,
652_20231011__x,,,,,,,,,,,,Wednesday,20231011,652,,,
653_20231012__x,,,,,,,,,,,,Thursday,20231012,653,,,
654_20231013__x,,,,,,,,,,,,Friday,20231013,654,,,
655_20231014__x,,,,,,,,,,,,Saturday,20231014,655,,,
656_20231015__x,,,,,,,,,,,,Sunday,20231015,656,,,
657_20231016__x,,,,,,,,,,,,Monday,20231016,657,,,
658_20231017__x,,,,,,,,,,,,Tuesday,20231017,658,,,
659_20231018__x,,,,,,,,,,,,Wednesday,20231018,659,,,
660_20231019__x,,,,,,,,,,,,Thursday,20231019,660,,,
661_20231020__x,,,,,,,,,,,,Friday,20231020,661,,,
662_20231021__x,,,,,,,,,,,,Saturday,20231021,662,,,
663_20231022__x,,,,,,,,,,,,Sunday,20231022,663,,,
664_20231023__x,,,,,,,,,,,,Monday,20231023,664,,,
665_20231024__x,,,,,,,,,,,,Tuesday,20231024,665,,,
666_20231025__x,,,,,,,,,,,,Wednesday,20231025,666,,,
667_20231026__x,,,,,,,,,,,,Thursday,20231026,667,,,
668_20231027__x,,,,,,,,,,,,Friday,20231027,668,,,
669_20231028__x,,,,,,,,,,,,Saturday,20231028,669,,,
670_20231029__x,,,,,,,,,,,,Sunday,20231029,670,,,
671_20231030_727_405x1,DJI,,H,1.0,0.0,0.0,0.0,405.0,1.0,727.0,405.0,Monday,20231030,671,405.0,0.0,
672_20231031_1814_405x1,DJI,,H,1.0,0.0,0.0,0.0,405.0,1.0,1814.0,405.0,Tuesday,20231031,672,405.0,0.0,
673_20231101__x,,,,,,,,,,,,Wednesday,20231101,673,,,
674_20231102__x,,,,,,,,,,,,Thursday,20231102,674,,,
675_20231103_1750_405x1,DJI,,H,1.0,0.0,0.0,0.0,405.0,1.0,1750.0,405.0,Friday,20231103,675,405.0,0.0,
676_20231104__x,,,,,,,,,,,,Saturday,20231104,676,,,
677_20231105__x,,,,,,,,,,,,Sunday,20231105,677,,,
678_20231106__x,,,,,,,,,,,,Monday,20231106,678,,,
679_20231107__x,,,,,,,,,,,,Tuesday,20231107,679,,,
680_20231108__x,,,,,,,,,,,,Wednesday,20231108,680,,,
681_20231109__x,,,,,,,,,,,,Thursday,20231109,681,,,
682_20231110__x,,,,,,,,,,,,Friday,20231110,682,,,
683_20231111__x,,,,,,,,,,,,Saturday,20231111,683,,,
684_20231112__x,,,,,,,,,,,,Sunday,20231112,684,,,
685_20231113__x,,,,,,,,,,,,Monday,20231113,685,,,
686_20231114__x,,,,,,,,,,,,Tuesday,20231114,686,,,
687_20231115__x,,,,,,,,,,,,Wednesday,20231115,687,,,
688_20231116__x,,,,,,,,,,,,Thursday,20231116,688,,,
689_20231117__x,,,,,,,,,,,,Friday,20231117,689,,,
690_20231118__x,,,,,,,,,,,,Saturday,20231118,690,,,
691_20231119__x,,,,,,,,,,,,Sunday,20231119,691,,,
692_20231120__x,,,,,,,,,,,,Monday,20231120,692,,,
693_20231121__x,,,,,,,,,,,,Tuesday,20231121,693,,,
694_20231122__x,,,,,,,,,,,,Wednesday,20231122,694,,,
695_20231123__x,,,,,,,,,,,,Thursday,20231123,695,,,
696_20231124__x,,,,,,,,,,,,Friday,20231124,696,,,
697_20231125__x,,,,,,,,,,,,Saturday,20231125,697,,,
698_20231126__x,,,,,,,,,,,,Sunday,20231126,698,,,
699_20231127__x,,,,,,,,,,,,Monday,20231127,699,,,
700_20231128__x,,,,,,,,,,,,Tuesday,20231128,700,,,
701_20231129__x,,,,,,,,,,,,Wednesday,20231129,701,,,
702_20231130_1458_435x2,DJI,Haley Bday,S,0.0,0.0,0.0,0.0,435.0,2.0,1458.0,448.485,Thursday,20231130,702,448.485,0.0,
703_20231201_1704_435x1,DJI,,S,1.0,0.0,0.0,0.0,435.0,1.0,1704.0,435.0,Friday,20231201,703,441.7425,-6.7425,
704_20231202__x,,,,,,,,,,,,Saturday,20231202,704,,,
705_20231203__x,,,,,,,,,,,,Sunday,20231203,705,,,
706_20231204__x,,,,,,,,,,,,Monday,20231204,706,,,
707_20231205__x,,,,,,,,,,,,Tuesday,20231205,707,,,
708_20231206__x,,,,,,,,,,,,Wednesday,20231206,708,,,
709_20231207__x,,,,,,,,,,,,Thursday,20231207,709,,,
710_20231208__x,,,,,,,,,,,,Friday,20231208,710,,,
711_20231209__x,,,,,,,,,,,,Saturday,20231209,711,,,
712_20231210__x,DJI,,,,,,,,,,,Sunday,20231210,712,,,
713_20231211__x,,,,,,,,,,,,Monday,20231211,713,,,
714_20231212_725_455x1,DJI,,S,1.0,0.0,0.0,0.0,455.0,1.0,725.0,455.0,Tuesday,20231212,714,455.0,0.0,
715_20231213_1725_505x1,DJI,,S,0.0,0.0,0.0,0.0,505.0,1.0,1725.0,505.0,Wednesday,20231213,715,480.0,25.0,
716_20231214_1844_505x1,DJI,,S,0.0,0.0,0.0,0.0,505.0,1.0,1844.0,505.0,Thursday,20231214,716,488.3333333,16.66666667,
717_20231215_1643_505x1,DJI,,S,0.0,0.0,0.0,0.0,505.0,1.0,1643.0,505.0,Friday,20231215,717,492.5,12.5,
718_20231216_1850_505x1,DJI,,S,0.0,0.0,0.0,0.0,505.0,1.0,1850.0,505.0,Saturday,20231216,718,495.0,10.0,
719_20231217_1218_505x1,DJI,,S,0.0,0.0,0.0,0.0,505.0,1.0,1218.0,505.0,Sunday,20231217,719,496.6666667,8.333333333,
720_20231218__x,,XXX,,,,,,,,,,Monday,20231218,720,,,
721_20231219_1857_505x1,DJI,,S,0.0,0.0,0.0,0.0,505.0,1.0,1857.0,505.0,Tuesday,20231219,721,505.0,0.0,
722_20231220_1910_505x1,DJI,,S,0.0,0.0,0.0,0.0,505.0,1.0,1910.0,505.0,Wednesday,20231220,722,505.0,0.0,
723_20231221_1615_505x1,DJI,Anytime Fitness,S,0.0,1.0,0.0,0.0,505.0,1.0,1615.0,505.0,Thursday,20231221,723,505.0,0.0,
724_20231222_1419_505x2,DJI,Anytime Fitness,S,0.0,1.0,0.0,0.0,505.0,2.0,1419.0,520.655,Friday,20231222,724,507.6091667,13.04583333,
725_20231223__x,,XXX,,,,,,,,,,Saturday,20231223,725,,,
726_20231224__x,,XXX,,,,,,,,,,Sunday,20231224,726,,,
727_20231225__x,,XXX,,,,,,,,,,Monday,20231225,727,,,
728_20231226__x,,XXX,,,,,,,,,,Tuesday,20231226,728,,,
729_20231227__x,,XXX,,,,,,,,,,Wednesday,20231227,729,,,
730_20231228__x,,XXX,,,,,,,,,,Thursday,20231228,730,,,
731_20231229__x,,XXX,,,,,,,,,,Friday,20231229,731,,,
732_20231230__x,,XXX,,,,,,,,,,Saturday,20231230,732,,,
733_20231231__x,,XXX,,,,,,,,,,Sunday,20231231,733,,,
734_20240101__x,,XXX,,,,,,,,,,Monday,20240101,734,,,
735_20240102__x,,XXX,,,,,,,,,,Tuesday,20240102,735,,,
736_20240103__x,,XXX,,,,,,,,,,Wednesday,20240103,736,,,
737_20240104__x,,XXX,,,,,,,,,,Thursday,20240104,737,,,
738_20240105__x,,XXX,,,,,,,,,,Friday,20240105,738,,,
739_20240106__x,,XXX,,,,,,,,,,Saturday,20240106,739,,,
740_20240107__x,,XXX,,,,,,,,,,Sunday,20240107,740,,,
741_20240108__x,,XXX,,,,,,,,,,Monday,20240108,741,,,
742_20240109__x,,XXX,,,,,,,,,,Tuesday,20240109,742,,,
743_20240110_1943_415x5,DJI,,DO,1.0,0.0,0.0,0.0,415.0,5.0,1943.0,466.46,Wednesday,20240110,743,466.46,0.0,
744_20240111_723_415x5,DJI,,S,1.0,0.0,0.0,0.0,415.0,5.0,723.0,466.46,Thursday,20240111,744,466.46,0.0,
745_20240112_2026_415x5,DJI,,S,1.0,0.0,0.0,0.0,415.0,5.0,2026.0,466.46,Friday,20240112,745,466.46,0.0,
746_20240113_1006_415x6,DJI,,S,1.0,0.0,0.0,0.0,415.0,6.0,1006.0,479.325,Saturday,20240113,746,469.67625,9.64875,
747_20240114__x,,XXX,,,,,,,,,,Sunday,20240114,747,,,
748_20240115_1520_415x6,DJI,,S,1.0,0.0,0.0,0.0,415.0,6.0,1520.0,479.325,Monday,20240115,748,471.606,7.719,
749_20240116_718_415x6,DJI,,S,1.0,0.0,0.0,0.0,415.0,6.0,718.0,479.325,Tuesday,20240116,749,472.8925,6.4325,
750_20240117_2033_415x6,DJI,,S,1.0,0.0,0.0,0.0,415.0,6.0,2033.0,479.325,Wednesday,20240117,750,475.0366667,4.288333333,
751_20240118_1211_415x7,DJI,,S,1.0,0.0,0.0,0.0,415.0,7.0,1211.0,492.19,Thursday,20240118,751,479.325,12.865,
752_20240119__x,DJI,,,,,,,,,,,Friday,20240119,752,,,
753_20240120__x,DJI,,,,,,,,,,,Saturday,20240120,753,,,
754_20240121__x,,,,,,,,,,,,Sunday,20240121,754,,,
755_20240122__x,,,,,,,,,,,,Monday,20240122,755,,,
756_20240123__x,,,,,,,,,,,,Tuesday,20240123,756,,,
757_20240124__x,,,,,,,,,,,,Wednesday,20240124,757,,,
758_20240125__x,,,,,,,,,,,,Thursday,20240125,758,,,
759_20240126__x,,,,,,,,,,,,Friday,20240126,759,,,
760_20240127__x,,,,,,,,,,,,Saturday,20240127,760,,,
761_20240128_1207_405x8,DJI,,S,1.0,0.0,0.0,0.0,405.0,8.0,1207.0,492.885,Sunday,20240128,761,492.885,0.0,
762_20240129__x,,,,,,,,,,,,Monday,20240129,762,,,
763_20240130__x,,,,,,,,,,,,Tuesday,20240130,763,,,
764_20240131__x,,,,,,,,,,,,Wednesday,20240131,764,,,
765_20240201__x,,,,,,,,,,,,Thursday,20240201,765,,,
766_20240202__x,,,,,,,,,,,,Friday,20240202,766,,,
767_20240203__x,,,,,,,,,,,,Saturday,20240203,767,,,
768_20240204__x,,,,,,,,,,,,Sunday,20240204,768,,,
769_20240205__x,,,,,,,,,,,,Monday,20240205,769,,,
770_20240206__x,,,,,,,,,,,,Tuesday,20240206,770,,,
771_20240207__x,,,,,,,,,,,,Wednesday,20240207,771,,,
772_20240208__x,,,,,,,,,,,,Thursday,20240208,772,,,
773_20240209__x,,,,,,,,,,,,Friday,20240209,773,,,
774_20240210__x,,,,,,,,,,,,Saturday,20240210,774,,,
775_20240211__x,,,,,,,,,,,,Sunday,20240211,775,,,
776_20240212__x,,,,,,,,,,,,Monday,20240212,776,,,
777_20240213__x,,,,,,,,,,,,Tuesday,20240213,777,,,
778_20240214__x,,,,,,,,,,,,Wednesday,20240214,778,,,
779_20240215__x,,,,,,,,,,,,Thursday,20240215,779,,,
780_20240216__x,,,,,,,,,,,,Friday,20240216,780,,,
781_20240217__x,,,,,,,,,,,,Saturday,20240217,781,,,
782_20240218__x,,,,,,,,,,,,Sunday,20240218,782,,,
783_20240219_1950_405x10,DJI,,S,0.0,0.0,0.0,0.0,405.0,10.0,1950.0,517.995,Monday,20240219,783,517.995,0.0,
784_20240220__x,,,,,,,,,,,,Tuesday,20240220,784,,,
785_20240221__x,,,,,,,,,,,,Wednesday,20240221,785,,,
786_20240222__x,,,,,,,,,,,,Thursday,20240222,786,,,
787_20240223__x,,,,,,,,,,,,Friday,20240223,787,,,
788_20240224__x,,,,,,,,,,,,Saturday,20240224,788,,,
789_20240225__x,,,,,,,,,,,,Sunday,20240225,789,,,
790_20240226__x,,,,,,,,,,,,Monday,20240226,790,,,
791_20240227__x,,,,,,,,,,,,Tuesday,20240227,791,,,
792_20240228__x,,,,,,,,,,,,Wednesday,20240228,792,,,
793_20240229__x,,,,,,,,,,,,Thursday,20240229,793,,,
794_20240301__x,,,,,,,,,,,,Friday,20240301,794,,,
795_20240302__x,,,,,,,,,,,,Saturday,20240302,795,,,
796_20240303__x,,,,,,,,,,,,Sunday,20240303,796,,,
797_20240304__x,,,,,,,,,,,,Monday,20240304,797,,,
798_20240305__x,,,,,,,,,,,,Tuesday,20240305,798,,,
799_20240306__x,,,,,,,,,,,,Wednesday,20240306,799,,,
800_20240307__x,,,,,,,,,,,,Thursday,20240307,800,,,
801_20240308_1309_415x1,DJI,,S,1.0,1.0,0.0,0.0,415.0,1.0,1309.0,415.0,Friday,20240308,801,415.0,0.0,
802_20240309_1638_415x1,DJI,,S,1.0,1.0,0.0,0.0,415.0,1.0,1638.0,415.0,Saturday,20240309,802,415.0,0.0,
803_20240310_1502_415x1,DJI,,S,1.0,1.0,0.0,0.0,415.0,1.0,1502.0,415.0,Sunday,20240310,803,415.0,0.0,
804_20240311_1740_415x1,DJI,,M,1.0,1.0,0.0,0.0,415.0,1.0,1740.0,415.0,Monday,20240311,804,415.0,0.0,
805_20240312_1919_415x1,DJI,,M,1.0,1.0,0.0,0.0,415.0,1.0,1919.0,415.0,Tuesday,20240312,805,415.0,0.0,
806_20240313__x,,XXX,,,,,,,,,,Wednesday,20240313,806,,,
807_20240314__x,,XXX,,,,,,,,,,Thursday,20240314,807,,,
808_20240315_1629_415x1,DJI,,M,1.0,1.0,0.0,1.0,415.0,1.0,1629.0,415.0,Friday,20240315,808,415.0,0.0,
809_20240316__x,,XXX,,,,,,,,,,Saturday,20240316,809,,,
810_20240317_1313_415x1,DJI,,S,1.0,1.0,0.0,0.0,415.0,1.0,1313.0,415.0,Sunday,20240317,810,415.0,0.0,
811_20240318_1545_415x2,DJI,,S,1.0,1.0,0.0,1.0,415.0,2.0,1545.0,427.865,Monday,20240318,811,418.21625,9.64875,
812_20240319__x,,XXX,,,,,,,,,,Tuesday,20240319,812,,,
813_20240320__x,,XXX,,,,,,,,,,Wednesday,20240320,813,,,
814_20240321__x,,XXX,,,,,,,,,,Thursday,20240321,814,,,
815_20240322__x,,XXX,,,,,,,,,,Friday,20240322,815,,,
816_20240323__x,,XXX,,,,,,,,,,Saturday,20240323,816,,,
817_20240324__x,,XXX,,,,,,,,,,Sunday,20240324,817,,,
818_20240325__x,,XXX,,,,,,,,,,Monday,20240325,818,,,
819_20240326__x,,XXX,,,,,,,,,,Tuesday,20240326,819,,,
820_20240327__x,,XXX,,,,,,,,,,Wednesday,20240327,820,,,
821_20240328__x,,XXX,,,,,,,,,,Thursday,20240328,821,,,
822_20240329__x,,XXX,,,,,,,,,,Friday,20240329,822,,,
823_20240330__x,,XXX,,,,,,,,,,Saturday,20240330,823,,,
824_20240331__x,,XXX,,,,,,,,,,Sunday,20240331,824,,,
825_20240401__x,,XXX,,,,,,,,,,Monday,20240401,825,,,
826_20240402__x,,XXX,,,,,,,,,,Tuesday,20240402,826,,,
827_20240403__x,,XXX,,,,,,,,,,Wednesday,20240403,827,,,
828_20240404__x,,XXX,,,,,,,,,,Thursday,20240404,828,,,
829_20240405__x,,XXX,,,,,,,,,,Friday,20240405,829,,,
830_20240406__x,,XXX,,,,,,,,,,Saturday,20240406,830,,,
831_20240407__x,,XXX,,,,,,,,,,Sunday,20240407,831,,,
832_20240408__x,,XXX,,,,,,,,,,Monday,20240408,832,,,
833_20240409__x,,XXX,,,,,,,,,,Tuesday,20240409,833,,,
834_20240410__x,,XXX,,,,,,,,,,Wednesday,20240410,834,,,
835_20240411__x,,XXX,,,,,,,,,,Thursday,20240411,835,,,
836_20240412__x,,XXX,,,,,,,,,,Friday,20240412,836,,,
837_20240413__x,,XXX,,,,,,,,,,Saturday,20240413,837,,,
838_20240414__x,,XXX,,,,,,,,,,Sunday,20240414,838,,,
839_20240415__x,,XXX,,,,,,,,,,Monday,20240415,839,,,
840_20240416__x,,XXX,,,,,,,,,,Tuesday,20240416,840,,,
841_20240417__x,,XXX,,,,,,,,,,Wednesday,20240417,841,,,
842_20240418__x,,XXX,,,,,,,,,,Thursday,20240418,842,,,
843_20240419__x,,XXX,,,,,,,,,,Friday,20240419,843,,,
844_20240420__x,,XXX,,,,,,,,,,Saturday,20240420,844,,,
845_20240421__x,,XXX,,,,,,,,,,Sunday,20240421,845,,,
846_20240422__x,,XXX,,,,,,,,,,Monday,20240422,846,,,
847_20240423__x,,XXX,,,,,,,,,,Tuesday,20240423,847,,,
848_20240424__x,,XXX,,,,,,,,,,Wednesday,20240424,848,,,
849_20240425__x,,XXX,,,,,,,,,,Thursday,20240425,849,,,
850_20240426__x,,XXX,,,,,,,,,,Friday,20240426,850,,,
851_20240427__x,,XXX,,,,,,,,,,Saturday,20240427,851,,,
852_20240428_1252_525x2,DJI,Coan Philipi,S,0.0,1.0,0.0,0.0,525.0,2.0,1252.0,541.275,Sunday,20240428,852,541.275,0.0,
853_20240429__x,,XXX,,,,,,,,,,Monday,20240429,853,,,
854_20240430__x,,XXX,,,,,,,,,,Tuesday,20240430,854,,,
855_20240501__x,,XXX,,,,,,,,,,Wednesday,20240501,855,,,
856_20240502_526_455x1,DJI,,M,1.0,0.0,0.0,0.0,455.0,1.0,526.0,455.0,Thursday,20240502,856,498.1375,-43.1375,
857_20240503_1413_435x1,Phone,,S,0.0,1.0,0.0,1.0,435.0,1.0,1413.0,435.0,Friday,20240503,857,477.0916667,-42.09166667,
858_20240504__x,,,,,,,,,,,,Saturday,20240504,858,,,
859_20240505__x,,,,,,,,,,,,Sunday,20240505,859,,,
860_20240506__x,,,,,,,,,,,,Monday,20240506,860,,,
861_20240507__x,,,,,,,,,,,,Tuesday,20240507,861,,,
862_20240508__x,,,,,,,,,,,,Wednesday,20240508,862,,,
863_20240509__x,,,,,,,,,,,,Thursday,20240509,863,,,
864_20240510__x,,,,,,,,,,,,Friday,20240510,864,,,
865_20240511__x,,,,,,,,,,,,Saturday,20240511,865,,,
866_20240512__x,,,,,,,,,,,,Sunday,20240512,866,,,
867_20240513__x,,,,,,,,,,,,Monday,20240513,867,,,
868_20240514__x,,,,,,,,,,,,Tuesday,20240514,868,,,
869_20240515__x,,,,,,,,,,,,Wednesday,20240515,869,,,
870_20240516__x,,,,,,,,,,,,Thursday,20240516,870,,,
871_20240517__x,,,,,,,,,,,,Friday,20240517,871,,,
872_20240518__x,,,,,,,,,,,,Saturday,20240518,872,,,
873_20240519__x,,,,,,,,,,,,Sunday,20240519,873,,,
874_20240520__x,,,,,,,,,,,,Monday,20240520,874,,,
875_20240521__x,,,,,,,,,,,,Tuesday,20240521,875,,,
876_20240522__x,,,,,,,,,,,,Wednesday,20240522,876,,,
877_20240523__x,,,,,,,,,,,,Thursday,20240523,877,,,
878_20240524__x,,,,,,,,,,,,Friday,20240524,878,,,
879_20240525__x,,,,,,,,,,,,Saturday,20240525,879,,,
880_20240526__x,,,,,,,,,,,,Sunday,20240526,880,,,
881_20240527__x,,,,,,,,,,,,Monday,20240527,881,,,
882_20240528__x,,,,,,,,,,,,Tuesday,20240528,882,,,
883_20240529__x,,,,,,,,,,,,Wednesday,20240529,883,,,
884_20240530__x,,,,,,,,,,,,Thursday,20240530,884,,,
885_20240531__x,,,,,,,,,,,,Friday,20240531,885,,,
886_20240601__x,,,,,,,,,,,,Saturday,20240601,886,,,
887_20240602__x,,,,,,,,,,,,Sunday,20240602,887,,,
888_20240603__x,,,,,,,,,,,,Monday,20240603,888,,,
889_20240604__x,,,,,,,,,,,,Tuesday,20240604,889,,,
890_20240605__x,,,,,,,,,,,,Wednesday,20240605,890,,,
891_20240606__x,,,,,,,,,,,,Thursday,20240606,891,,,
892_20240607__x,,,,,,,,,,,,Friday,20240607,892,,,
893_20240608__x,,,,,,,,,,,,Saturday,20240608,893,,,
894_20240609__x,,,,,,,,,,,,Sunday,20240609,894,,,
895_20240610__x,,,,,,,,,,,,Monday,20240610,895,,,
896_20240611__x,,,,,,,,,,,,Tuesday,20240611,896,,,
897_20240612__x,,,,,,,,,,,,Wednesday,20240612,897,,,
898_20240613__x,,,,,,,,,,,,Thursday,20240613,898,,,
899_20240614__x,,,,,,,,,,,,Friday,20240614,899,,,
900_20240615__x,,,,,,,,,,,,Saturday,20240615,900,,,
901_20240616__x,,,,,,,,,,,,Sunday,20240616,901,,,
902_20240617__x,,,,,,,,,,,,Monday,20240617,902,,,
903_20240618__x,,,,,,,,,,,,Tuesday,20240618,903,,,
904_20240619__x,,,,,,,,,,,,Wednesday,20240619,904,,,
905_20240620__x,,,,,,,,,,,,Thursday,20240620,905,,,
906_20240621_332_405x1,Phone,!!!,S,1.0,0.0,0.0,0.0,405.0,1.0,332.0,405.0,Friday,20240621,906,405.0,0.0,
907_20240622__x,,,,,,,,,,,,Saturday,20240622,907,,,
908_20240623__x,,,,,,,,,,,,Sunday,20240623,908,,,
909_20240624__x,,,,,,,,,,,,Monday,20240624,909,,,
910_20240625__x,,,,,,,,,,,,Tuesday,20240625,910,,,
911_20240626__x,,,,,,,,,,,,Wednesday,20240626,911,,,
912_20240627__x,,,,,,,,,,,,Thursday,20240627,912,,,
913_20240628__x,,,,,,,,,,,,Friday,20240628,913,,,
914_20240629__x,,,,,,,,,,,,Saturday,20240629,914,,,
915_20240630__x,,,,,,,,,,,,Sunday,20240630,915,,,
916_20240701__x,,,,,,,,,,,,Monday,20240701,916,,,
917_20240702__x,,,,,,,,,,,,Tuesday,20240702,917,,,
918_20240703__x,,,,,,,,,,,,Wednesday,20240703,918,,,
919_20240704__x,,,,,,,,,,,,Thursday,20240704,919,,,
920_20240705__x,,,,,,,,,,,,Friday,20240705,920,,,
921_20240706__x,,,,,,,,,,,,Saturday,20240706,921,,,
922_20240707__x,,,,,,,,,,,,Sunday,20240707,922,,,
923_20240708__x,,,,,,,,,,,,Monday,20240708,923,,,
924_20240709__x,,,,,,,,,,,,Tuesday,20240709,924,,,
925_20240710__x,,,,,,,,,,,,Wednesday,20240710,925,,,
926_20240711__x,,,,,,,,,,,,Thursday,20240711,926,,,
927_20240712__x,,,,,,,,,,,,Friday,20240712,927,,,
928_20240713__x,,,,,,,,,,,,Saturday,20240713,928,,,
929_20240714__x,,,,,,,,,,,,Sunday,20240714,929,,,
930_20240715__x,,,,,,,,,,,,Monday,20240715,930,,,
931_20240716__x,,,,,,,,,,,,Tuesday,20240716,931,,,
932_20240717__x,,,,,,,,,,,,Wednesday,20240717,932,,,
933_20240718__x,,,,,,,,,,,,Thursday,20240718,933,,,
934_20240719__x,,,,,,,,,,,,Friday,20240719,934,,,
935_20240720__x,,,,,,,,,,,,Saturday,20240720,935,,,
936_20240721__x,,,,,,,,,,,,Sunday,20240721,936,,,
937_20240722__x,,,,,,,,,,,,Monday,20240722,937,,,
938_20240723__x,,,,,,,,,,,,Tuesday,20240723,938,,,
939_20240724__x,,,,,,,,,,,,Wednesday,20240724,939,,,
940_20240725__x,,,,,,,,,,,,Thursday,20240725,940,,,
941_20240726__x,,,,,,,,,,,,Friday,20240726,941,,,
942_20240727__x,,,,,,,,,,,,Saturday,20240727,942,,,
943_20240728__x,,,,,,,,,,,,Sunday,20240728,943,,,
944_20240729__x,,,,,,,,,,,,Monday,20240729,944,,,
945_20240730__x,,,,,,,,,,,,Tuesday,20240730,945,,,
946_20240731__x,,,,,,,,,,,,Wednesday,20240731,946,,,
947_20240801_1544_405x1,Phone,"watch this one, possum in",M,1.0,0.0,0.0,0.0,405.0,1.0,1544.0,405.0,Thursday,20240801,947,405.0,0.0,
948_20240802_1334_405x1,,,S,1.0,0.0,0.0,1.0,405.0,1.0,1334.0,405.0,Friday,20240802,948,405.0,0.0,
949_20240803_1241_405x1,,,S,1.0,0.0,0.0,0.0,405.0,1.0,1241.0,405.0,Saturday,20240803,949,405.0,0.0,
950_20240804_1434_405x1,,,S,1.0,0.0,0.0,0.0,405.0,1.0,1434.0,405.0,Sunday,20240804,950,405.0,0.0,
951_20240805_1920_405x1,,,M,1.0,0.0,0.0,1.0,405.0,1.0,1920.0,405.0,Monday,20240805,951,405.0,0.0,
952_20240806_1632_405x1,,,M,1.0,0.0,0.0,0.0,405.0,1.0,1632.0,405.0,Tuesday,20240806,952,405.0,0.0,
953_20240807__x,,,,,,,,,,,,Wednesday,20240807,953,,,
954_20240808__x,,,,,,,,,,,,Thursday,20240808,954,,,
955_20240809__x,,,,,,,,,,,,Friday,20240809,955,,,
956_20240810__x,,,,,,,,,,,,Saturday,20240810,956,,,
957_20240811__x,,,,,,,,,,,,Sunday,20240811,957,,,
958_20240812__x,,,,,,,,,,,,Monday,20240812,958,,,
959_20240813__x,,,,,,,,,,,,Tuesday,20240813,959,,,
960_20240814__x,,,,,,,,,,,,Wednesday,20240814,960,,,
961_20240815__x,,,,,,,,,,,,Thursday,20240815,961,,,
962_20240816__x,,,,,,,,,,,,Friday,20240816,962,,,
963_20240817__x,,,,,,,,,,,,Saturday,20240817,963,,,
964_20240818__x,,,,,,,,,,,,Sunday,20240818,964,,,
965_20240819__x,,,,,,,,,,,,Monday,20240819,965,,,
966_20240820__x,,,,,,,,,,,,Tuesday,20240820,966,,,
967_20240821__x,,,,,,,,,,,,Wednesday,20240821,967,,,
968_20240822__x,,,,,,,,,,,,Thursday,20240822,968,,,
969_20240823__x,,,,,,,,,,,,Friday,20240823,969,,,
970_20240824__x,,,,,,,,,,,,Saturday,20240824,970,,,
971_20240825__x,,,,,,,,,,,,Sunday,20240825,971,,,
972_20240826__x,,,,,,,,,,,,Monday,20240826,972,,,
973_20240827__x,,,,,,,,,,,,Tuesday,20240827,973,,,
974_20240828__x,,,,,,,,,,,,Wednesday,20240828,974,,,
975_20240829__x,,,,,,,,,,,,Thursday,20240829,975,,,
976_20240830_345_405x1,,,S,1.0,0.0,0.0,0.0,405.0,1.0,345.0,405.0,Friday,20240830,976,405.0,0.0,
977_20240831__x,,,,,,,,,,,,Saturday,20240831,977,,,
978_20240901__x,,,,,,,,,,,,Sunday,20240901,978,,,
979_20240902__x,,,,,,,,,,,,Monday,20240902,979,,,
980_20240903__x,,,,,,,,,,,,Tuesday,20240903,980,,,
981_20240904__x,,,,,,,,,,,,Wednesday,20240904,981,,,
982_20240905__x,,,,,,,,,,,,Thursday,20240905,982,,,
983_20240906__x,,,,,,,,,,,,Friday,20240906,983,,,
984_20240907__x,phone,Beach Deadlift!,,,,,,,,,,Saturday,20240907,984,,,
985_20240908__x,phone,,,,,,,,,,,Sunday,20240908,985,,,
986_20240909_314_405x1,phone,,S,1.0,0.0,1.0,1.0,405.0,1.0,314.0,405.0,Monday,20240909,986,405.0,0.0,
987_20240910__x,phone,,,,,,,,,,,Tuesday,20240910,987,,,
988_20240911__x,phone,,,,,,,,,,,Wednesday,20240911,988,,,
989_20240912__x,phone,,,,,,,,,,,Thursday,20240912,989,,,
990_20240913__x,phone,,,,,,,,,,,Friday,20240913,990,,,
991_20240914__x,phone,,,,,,,,,,,Saturday,20240914,991,,,
992_20240915__x,phone,,,,,,,,,,,Sunday,20240915,992,,,
993_20240916__x,phone,,,,,,,,,,,Monday,20240916,993,,,
994_20240917__x,phone,,,,,,,,,,,Tuesday,20240917,994,,,
995_20240918__x,phone,,,,,,,,,,,Wednesday,20240918,995,,,
996_20240919__x,phone,,,,,,,,,,,Thursday,20240919,996,,,
997_20240920_512_405x1,phone,,S,1.0,0.0,0.0,0.0,405.0,1.0,512.0,405.0,Friday,20240920,997,405.0,0.0,
998_20240921__x,phone,,,,,,,,,,,Saturday,20240921,998,,,
999_20240922__x,phone,,,,,,,,,,,Sunday,20240922,999,,,
1000_20240923__x,phone,Day 1000!,,,,,,,,,,Monday,20240923,1000,,,
1001_20240924_1855_405x1,phone,,M,1.0,0.0,0.0,0.0,405.0,1.0,1855.0,405.0,Tuesday,20240924,1001,405.0,0.0,
1002_20240925_1738_405x2,phone,,M,1.0,0.0,0.0,0.0,405.0,2.0,1738.0,417.555,Wednesday,20240925,1002,409.185,8.37,
1003_20240926_1322_405x2,phone,,S,1.0,0.0,0.0,0.0,405.0,2.0,1322.0,417.555,Thursday,20240926,1003,411.2775,6.2775,
1004_20240927_1130_505x1,phone,Nantucket!,M,1.0,1.0,0.0,0.0,505.0,1.0,1130.0,505.0,Friday,20240927,1004,436.2775,68.7225,
1005_20240928_921_455x1,phone,Nantucket!,M,1.0,1.0,0.0,0.0,455.0,1.0,921.0,455.0,Saturday,20240928,1005,440.022,14.978,
1006_20240929_1147_455x1,phone,Nantucket!,M,1.0,1.0,0.0,0.0,455.0,1.0,1147.0,455.0,Sunday,20240929,1006,442.5183333,12.48166667,
1007_20240930_1508_405x1,phone,,M,1.0,0.0,0.0,0.0,405.0,1.0,1508.0,405.0,Monday,20240930,1007,437.1585714,-32.15857143,
1008_20241001_2014_405x2,phone,,S,1.0,0.0,0.0,0.0,405.0,2.0,2014.0,417.555,Tuesday,20241001,1008,438.9521429,-21.39714286,
1009_20241002_1701_405x2,phone,,S,1.0,0.0,0.0,0.0,405.0,2.0,1701.0,417.555,Wednesday,20241002,1009,438.9521429,-21.39714286,
1010_20241003_1450_405x3,phone,,S,1.0,0.0,0.0,1.0,405.0,3.0,1450.0,430.11,Thursday,20241003,1010,440.7457143,-10.63571429,
1011_20241004_1459_405x3,phone,"watch this one, haley pops in",S,1.0,0.0,0.0,0.0,405.0,3.0,1459.0,430.11,Friday,20241004,1011,430.0471429,0.06285714286,
1012_20241005_1254_405x3,phone,,S,1.0,0.0,0.0,0.0,405.0,3.0,1254.0,430.11,Saturday,20241005,1012,426.4914286,3.618571429,
1013_20241006_1527_425x4,phone,,S,1.0,0.0,0.0,0.0,425.0,4.0,1527.0,464.525,Sunday,20241006,1013,427.8521429,36.67285714,
1014_20241007_1926_425x4,phone,,S,1.0,0.0,0.0,0.0,425.0,4.0,1926.0,464.525,Monday,20241007,1014,436.3557143,28.16928571,
1015_20241008_1553_425x4,phone,,S,1.0,0.0,0.0,0.0,425.0,4.0,1553.0,464.525,Tuesday,20241008,1015,443.0657143,21.45928571,
1016_20241009_2151_425x4,phone,,S,1.0,0.0,0.0,0.0,425.0,4.0,2151.0,464.525,Wednesday,20241009,1016,449.7757143,14.74928571,
1017_20241010_1632_425x5,phone,,S,1.0,0.0,0.0,0.0,425.0,5.0,1632.0,477.7,Thursday,20241010,1017,456.5742857,21.12571429,
1018_20241011_1621_425x5,phone,,S,1.0,0.0,0.0,0.0,425.0,5.0,1621.0,477.7,Friday,20241011,1018,463.3728571,14.32714286,
1019_20241012_1523_425x5,phone,,S,1.0,0.0,0.0,0.0,425.0,5.0,1523.0,477.7,Saturday,20241012,1019,470.1714286,7.528571429,
1020_20241013_1257_425x5,phone,,S,1.0,0.0,0.0,0.0,425.0,5.0,1257.0,477.7,Sunday,20241013,1020,472.0535714,5.646428571,
1021_20241014_1609_425x5,phone,,S,1.0,0.0,0.0,0.0,425.0,5.0,1609.0,477.7,Monday,20241014,1021,473.9357143,3.764285714,
1022_20241015_1313_425x5,phone,,S,1.0,0.0,0.0,0.0,425.0,5.0,1313.0,477.7,Tuesday,20241015,1022,475.8178571,1.882142857,
1023_20241016_1638_425x6,phone,,S,1.0,0.0,0.0,0.0,425.0,6.0,1638.0,490.875,Wednesday,20241016,1023,479.5821429,11.29285714,
1024_20241017_1353_425x6,phone,,S,1.0,0.0,0.0,0.0,425.0,6.0,1353.0,490.875,Thursday,20241017,1024,481.4642857,9.410714286,
1025_20241018_1150_425x1,phone,,M,1.0,0.0,0.0,0.0,425.0,1.0,1150.0,425.0,Friday,20241018,1025,473.9357143,-48.93571429,
1026_20241019_1411_425x1,phone,,S,1.0,0.0,0.0,0.0,425.0,1.0,1411.0,425.0,Saturday,20241019,1026,466.4071429,-41.40714286,
1027_20241020_1434_425x1,phone,,S,1.0,0.0,0.0,1.0,425.0,1.0,1434.0,425.0,Sunday,20241020,1027,458.8785714,-33.87857143,
1028_20241021_1609_425x1,phone,,M,1.0,0.0,0.0,1.0,425.0,1.0,1609.0,425.0,Monday,20241021,1028,451.35,-26.35,
1029_20241022_1635_425x1,phone,,M,1.0,0.0,0.0,1.0,425.0,1.0,1635.0,425.0,Tuesday,20241022,1029,443.8214286,-18.82142857,
1030_20241023_1147_425x1,phone,,M,1.0,0.0,0.0,0.0,425.0,1.0,1147.0,425.0,Wednesday,20241023,1030,434.4107143,-9.410714286,
1031_20241024_1208_505x1,phone,Saco!,S,1.0,1.0,0.0,0.0,505.0,1.0,1208.0,505.0,Thursday,20241024,1031,436.4285714,68.57142857,
1032_20241025__x,phone,XXX,,,,,,,,,,Friday,20241025,1032,,,
1033_20241026_1619_425x1,phone,,S,1.0,0.0,0.0,0.0,425.0,1.0,1619.0,425.0,Saturday,20241026,1033,438.3333333,-13.33333333,
1034_20241027_1358_425x1,phone,,S,1.0,0.0,0.0,0.0,425.0,1.0,1358.0,425.0,Sunday,20241027,1034,438.3333333,-13.33333333,
1035_20241028_1733_425x1,phone,,M,1.0,0.0,0.0,0.0,425.0,1.0,1733.0,425.0,Monday,20241028,1035,438.3333333,-13.33333333,
1036_20241029_1430_425x2,phone,,S,1.0,0.0,0.0,0.0,425.0,2.0,1430.0,438.175,Tuesday,20241029,1036,440.5291667,-2.354166667,
1037_20241030_2041_425x2,phone,"watch this one, haley pops in",S,1.0,0.0,0.0,0.0,425.0,2.0,2041.0,438.175,Wednesday,20241030,1037,442.725,-4.55,
1038_20241031_1506_425x3,phone,,S,1.0,0.0,0.0,0.0,425.0,3.0,1506.0,451.35,Thursday,20241031,1038,433.7833333,17.56666667,
1039_20241101_1753_425x3,phone,,S,1.0,0.0,0.0,0.0,425.0,3.0,1753.0,451.35,Friday,20241101,1039,436.2928571,15.05714286,
1040_20241102_1630_425x1,phone,,S,1.0,0.0,0.0,0.0,425.0,1.0,1630.0,425.0,Saturday,20241102,1040,436.2928571,-11.29285714,
1041_20241103__x,phone,,,,,,,,,,,Sunday,20241103,1041,,,
1042_20241104__x,phone,,,,,,,,,,,Monday,20241104,1042,,,
1043_20241105__x,phone,,,,,,,,,,,Tuesday,20241105,1043,,,
1044_20241106__x,phone,,,,,,,,,,,Wednesday,20241106,1044,,,
1045_20241107__x,phone,,,,,,,,,,,Thursday,20241107,1045,,,
1046_20241108__x,phone,,,,,,,,,,,Friday,20241108,1046,,,
1047_20241109__x,phone,,,,,,,,,,,Saturday,20241109,1047,,,
1048_20241110__x,phone,,,,,,,,,,,Sunday,20241110,1048,,,
1049_20241111__x,phone,,,,,,,,,,,Monday,20241111,1049,,,
1050_20241112__x,phone,,,,,,,,,,,Tuesday,20241112,1050,,,
1051_20241113__x,phone,,,,,,,,,,,Wednesday,20241113,1051,,,
1052_20241114__x,phone,,,,,,,,,,,Thursday,20241114,1052,,,
1053_20241115__x,phone,,,,,,,,,,,Friday,20241115,1053,,,
1054_20241116__x,phone,,,,,,,,,,,Saturday,20241116,1054,,,
1055_20241117__x,phone,,,,,,,,,,,Sunday,20241117,1055,,,
1056_20241118__x,phone,,,,,,,,,,,Monday,20241118,1056,,,
1057_20241119__x,phone,,,,,,,,,,,Tuesday,20241119,1057,,,
1058_20241120__x,phone,,,,,,,,,,,Wednesday,20241120,1058,,,
1059_20241121__x,phone,,,,,,,,,,,Thursday,20241121,1059,,,
1060_20241122__x,phone,,,,,,,,,,,Friday,20241122,1060,,,
1061_20241123__x,phone,,,,,,,,,,,Saturday,20241123,1061,,,
1062_20241124__x,phone,,,,,,,,,,,Sunday,20241124,1062,,,
1063_20241125__x,phone,,,,,,,,,,,Monday,20241125,1063,,,
1064_20241126__x,phone,,,,,,,,,,,Tuesday,20241126,1064,,,
1065_20241127__x,phone,,,,,,,,,,,Wednesday,20241127,1065,,,
1066_20241128__x,phone,,,,,,,,,,,Thursday,20241128,1066,,,
1067_20241129_1315_425x1,phone,,M,1.0,0.0,0.0,0.0,425.0,1.0,1315.0,425.0,Friday,20241129,1067,425.0,0.0,
1068_20241130_1356_405x1,phone,,M,1.0,0.0,0.0,0.0,405.0,1.0,1356.0,405.0,Saturday,20241130,1068,415.0,-10.0,
1069_20241201_1738_505x1,phone,,S,0.0,0.0,0.0,0.0,505.0,1.0,1738.0,505.0,Sunday,20241201,1069,445.0,60.0,
1070_20241202_1543_505x1,phone,,S,0.0,0.0,0.0,0.0,505.0,1.0,1543.0,505.0,Monday,20241202,1070,460.0,45.0,
1071_20241203_1804_505x1,phone,,S,0.0,0.0,0.0,0.0,505.0,1.0,1804.0,505.0,Tuesday,20241203,1071,469.0,36.0,
1072_20241204_1940_505x1,,Funny video with Haley interrupting,S,0.0,0.0,0.0,0.0,505.0,1.0,1940.0,505.0,Wednesday,20241204,1072,475.0,30.0,
1073_20241205_1320_505x1,,,S,0.0,0.0,0.0,0.0,505.0,1.0,1320.0,505.0,Thursday,20241205,1073,479.2857143,25.71428571,
1074_20241206_1146_505x1,,"In Nantucket - Stroll, bad angle",S,0.0,1.0,0.0,0.0,505.0,1.0,1146.0,505.0,Friday,20241206,1074,490.7142857,14.28571429,
1075_20241207_928_505x1,,"In Nantucket - Stroll, bad angle",S,0.0,1.0,0.0,0.0,505.0,1.0,928.0,505.0,Saturday,20241207,1075,505.0,0.0,
1076_20241208_1531_505x1,,,S,0.0,0.0,0.0,0.0,505.0,1.0,1531.0,505.0,Sunday,20241208,1076,505.0,0.0,
1077_20241209_1718_505x1,,,S,0.0,0.0,0.0,0.0,505.0,1.0,1718.0,505.0,Monday,20241209,1077,505.0,0.0,
1078_20241210_1620_515x1,,,S,0.0,0.0,0.0,0.0,515.0,1.0,1620.0,515.0,Tuesday,20241210,1078,506.4285714,8.571428571,
1079_20241211_1515_515x1,,,S,0.0,0.0,0.0,0.0,515.0,1.0,1515.0,515.0,Wednesday,20241211,1079,507.8571429,7.142857143,
1080_20241212_1758_515x1,,,S,0.0,0.0,0.0,0.0,515.0,1.0,1758.0,515.0,Thursday,20241212,1080,509.2857143,5.714285714,
1081_20241213_1740_515x1,,,S,0.0,0.0,0.0,0.0,515.0,1.0,1740.0,515.0,Friday,20241213,1081,510.7142857,4.285714286,
1082_20241214_1515_515x1,,,S,0.0,0.0,0.0,0.0,515.0,1.0,1515.0,515.0,Saturday,20241214,1082,512.1428571,2.857142857,
1083_20241215_1126_515x1,,,S,0.0,0.0,0.0,0.0,515.0,1.0,1126.0,515.0,Sunday,20241215,1083,513.5714286,1.428571429,
1084_20241216_1738_515x1,,,S,0.0,0.0,0.0,0.0,515.0,1.0,1738.0,515.0,Monday,20241216,1084,515.0,0.0,
1085_20241217_2020_515x1,,,S,0.0,0.0,0.0,0.0,515.0,1.0,2020.0,515.0,Tuesday,20241217,1085,515.0,0.0,
1086_20241218_1221_515x1,,,S,0.0,0.0,0.0,0.0,515.0,1.0,1221.0,515.0,Wednesday,20241218,1086,515.0,0.0,
1087_20241219_1427_515x1,,,S,0.0,0.0,0.0,0.0,515.0,1.0,1427.0,515.0,Thursday,20241219,1087,515.0,0.0,
1088_20241220_1105_515x1,,,S,0.0,0.0,0.0,0.0,515.0,1.0,1105.0,515.0,Friday,20241220,1088,515.0,0.0,
1089_20241221_1707_515x1,,,S,0.0,0.0,0.0,0.0,515.0,1.0,1707.0,515.0,Saturday,20241221,1089,515.0,0.0,
1090_20241222_1417_525x1,,,M,0.0,0.0,0.0,0.0,525.0,1.0,1417.0,525.0,Sunday,20241222,1090,516.4285714,8.571428571,
1091_20241223_1400_505x1,,,M,0.0,0.0,0.0,0.0,505.0,1.0,1400.0,505.0,Monday,20241223,1091,515.0,-10.0,
1092_20241224_1221_505x1,,,S,0.0,0.0,0.0,0.0,505.0,1.0,1221.0,505.0,Tuesday,20241224,1092,513.5714286,-8.571428571,
1093_20241225_1324_525x1,,Christmas Liftmas,S,0.0,0.0,0.0,0.0,525.0,1.0,1324.0,525.0,Wednesday,20241225,1093,515.0,10.0,
1094_20241226_1330_525x1,,,S,0.0,0.0,0.0,0.0,525.0,1.0,1330.0,525.0,Thursday,20241226,1094,516.4285714,8.571428571,
1095_20241227_1436_525x1,,,S,0.0,0.0,0.0,0.0,525.0,1.0,1436.0,525.0,Friday,20241227,1095,517.8571429,7.142857143,
1096_20241228_1647_525x1,,,S,0.0,0.0,0.0,0.0,525.0,1.0,1647.0,525.0,Saturday,20241228,1096,519.2857143,5.714285714,
1097_20241229_922_525x1,,,S,0.0,0.0,0.0,0.0,525.0,1.0,922.0,525.0,Sunday,20241229,1097,519.2857143,5.714285714,
1098_20241230__525x1,,,S,0.0,0.0,0.0,0.0,525.0,1.0,,525.0,Monday,20241230,1098,522.1428571,2.857142857,
1099_20241231_1523_565x1,,1st Annual Bailey Powerlifitng Spectacular,M,0.0,0.0,0.0,0.0,565.0,1.0,1523.0,565.0,Tuesday,20241231,1099,530.7142857,34.28571429,
1100_20250101__425x,,,,,,,,425.0,,,425.0,Wednesday,20250101,1100,516.4285714,-91.42857143,
1101_20250102__425x,,,,,,,,425.0,,,425.0,Thursday,20250102,1101,502.1428571,-77.14285714,
1102_20250103__425x,,,,,,,,425.0,,,425.0,Friday,20250103,1102,487.8571429,-62.85714286,
1103_20250104__425x,,,,,,,,425.0,,,425.0,Saturday,20250104,1103,473.5714286,-48.57142857,
1104_20250105__425x,,,,,,,,425.0,,,425.0,Sunday,20250105,1104,459.2857143,-34.28571429,
1105_20250106__425x,,,,,,,,425.0,,,425.0,Monday,20250106,1105,445.0,-20.0,
1106_20250107__425x,,,,,,,,425.0,,,425.0,Tuesday,20250107,1106,425.0,0.0,
1107_20250108__425x,,,,,,,,425.0,,,425.0,Wednesday,20250108,1107,425.0,0.0,
1108_20250109__425x,,,,,,,,425.0,,,425.0,Thursday,20250109,1108,425.0,0.0,
1109_20250110__425x,,,,,,,,425.0,,,425.0,Friday,20250110,1109,425.0,0.0,
1110_20250111__465x1,,Colorado,M,1.0,1.0,0.0,0.0,465.0,1.0,,465.0,Saturday,20250111,1110,430.7142857,34.28571429,
1111_20250112__x,,,,,,,,,,,,Sunday,20250112,1111,,,
1112_20250113__x,,,,,,,,,,,,Monday,20250113,1112,,,
1113_20250114__x,,,,,,,,,,,,Tuesday,20250114,1113,,,
1114_20250115__x,,,,,,,,,,,,Wednesday,20250115,1114,,,
1115_20250116__x,,,,,,,,,,,,Thursday,20250116,1115,,,
1116_20250117__x,,,,,,,,,,,,Friday,20250117,1116,,,
1117_20250118__x,,,,,,,,,,,,Saturday,20250118,1117,,,
1118_20250119__x,,,,,,,,,,,,Sunday,20250119,1118,,,
1119_20250120__x,,,,,,,,,,,,Monday,20250120,1119,,,
1120_20250121__x,,,,,,,,,,,,Tuesday,20250121,1120,,,
1121_20250122__x,,,,,,,,,,,,Wednesday,20250122,1121,,,
1122_20250123__x,,,,,,,,,,,,Thursday,20250123,1122,,,
1123_20250124__x,,,,,,,,,,,,Friday,20250124,1123,,,
1124_20250125__x,,,,,,,,,,,,Saturday,20250125,1124,,,
1125_20250126__x,,,,,,,,,,,,Sunday,20250126,1125,,,
1126_20250127__x,,,,,,,,,,,,Monday,20250127,1126,,,
1127_20250128__x,,,,,,,,,,,,Tuesday,20250128,1127,,,
1128_20250129__x,,,,,,,,,,,,Wednesday,20250129,1128,,,
1129_20250130__x,,,,,,,,,,,,Thursday,20250130,1129,,,
1130_20250131__x,,,,,,,,,,,,Friday,20250131,1130,,,
1131_20250201__x,,,,,,,,,,,,Saturday,20250201,1131,,,
1132_20250202__x,,,,,,,,,,,,Sunday,20250202,1132,,,
1133_20250203__x,,,,,,,,,,,,Monday,20250203,1133,,,
1134_20250204__x,,,,,,,,,,,,Tuesday,20250204,1134,,,
1135_20250205__x,,,,,,,,,,,,Wednesday,20250205,1135,,,
1136_20250206__x,,,,,,,,,,,,Thursday,20250206,1136,,,
1137_20250207__x,,,,,,,,,,,,Friday,20250207,1137,,,
1138_20250208__x,,,,,,,,,,,,Saturday,20250208,1138,,,
1139_20250209__x,,,,,,,,,,,,Sunday,20250209,1139,,,
1140_20250210__x,,,,,,,,,,,,Monday,20250210,1140,,,
1141_20250211__x,,,,,,,,,,,,Tuesday,20250211,1141,,,
1142_20250212__x,,,,,,,,,,,,Wednesday,20250212,1142,,,
1143_20250213__x,,,,,,,,,,,,Thursday,20250213,1143,,,
1144_20250214__x,,,,,,,,,,,,Friday,20250214,1144,,,
1145_20250215__x,,,,,,,,,,,,Saturday,20250215,1145,,,
1146_20250216__x,,,,,,,,,,,,Sunday,20250216,1146,,,
1147_20250217__x,,,,,,,,,,,,Monday,20250217,1147,,,
1148_20250218__x,,,,,,,,,,,,Tuesday,20250218,1148,,,
1149_20250219__x,,,,,,,,,,,,Wednesday,20250219,1149,,,
1150_20250220__x,,,,,,,,,,,,Thursday,20250220,1150,,,
1151_20250221__x,,,,,,,,,,,,Friday,20250221,1151,,,
1152_20250222__x,,,,,,,,,,,,Saturday,20250222,1152,,,
1153_20250223__x,,,,,,,,,,,,Sunday,20250223,1153,,,
1154_20250224__x,,,,,,,,,,,,Monday,20250224,1154,,,
1155_20250225__x,,,,,,,,,,,,Tuesday,20250225,1155,,,
1156_20250226__x,,,,,,,,,,,,Wednesday,20250226,1156,,,
1157_20250227__x,,,,,,,,,,,,Thursday,20250227,1157,,,
1158_20250228__x,,,,,,,,,,,,Friday,20250228,1158,,,
1159_20250301__x,,,,,,,,,,,,Saturday,20250301,1159,,,
1160_20250302__x,,,,,,,,,,,,Sunday,20250302,1160,,,
1161_20250303__x,,,,,,,,,,,,Monday,20250303,1161,,,
1162_20250304__x,,,,,,,,,,,,Tuesday,20250304,1162,,,
1163_20250305__x,,,,,,,,,,,,Wednesday,20250305,1163,,,
1164_20250306__x,,,,,,,,,,,,Thursday,20250306,1164,,,
1165_20250307__x,,,,,,,,,,,,Friday,20250307,1165,,,
1166_20250308__x,,,,,,,,,,,,Saturday,20250308,1166,,,
1167_20250309__x,,,,,,,,,,,,Sunday,20250309,1167,,,
1168_20250310__x,,,,,,,,,,,,Monday,20250310,1168,,,
1169_20250311__x,,,,,,,,,,,,Tuesday,20250311,1169,,,
1170_20250312__x,,,,,,,,,,,,Wednesday,20250312,1170,,,
1171_20250313__x,,,,,,,,,,,,Thursday,20250313,1171,,,
1172_20250314__x,,,,,,,,,,,,Friday,20250314,1172,,,
1173_20250315__x,,,,,,,,,,,,Saturday,20250315,1173,,,
1174_20250316__x,,,,,,,,,,,,Sunday,20250316,1174,,,
1175_20250317__x,,,,,,,,,,,,Monday,20250317,1175,,,
1176_20250318__x,,,,,,,,,,,,Tuesday,20250318,1176,,,
1177_20250319__x,,,,,,,,,,,,Wednesday,20250319,1177,,,
1178_20250320__x,,,,,,,,,,,,Thursday,20250320,1178,,,
1179_20250321__x,,,,,,,,,,,,Friday,20250321,1179,,,
1180_20250322__x,,,,,,,,,,,,Saturday,20250322,1180,,,
1181_20250323__x,,,,,,,,,,,,Sunday,20250323,1181,,,
1182_20250324__x,,,,,,,,,,,,Monday,20250324,1182,,,
1183_20250325__x,,,,,,,,,,,,Tuesday,20250325,1183,,,
1184_20250326__x,,,,,,,,,,,,Wednesday,20250326,1184,,,
1185_20250327__x,,,,,,,,,,,,Thursday,20250327,1185,,,
1186_20250328__x,,,,,,,,,,,,Friday,20250328,1186,,,
1187_20250329__x,,,,,,,,,,,,Saturday,20250329,1187,,,
1188_20250330__x,,,,,,,,,,,,Sunday,20250330,1188,,,
1189_20250331__x,,,,,,,,,,,,Monday,20250331,1189,,,
1190_20250401__x,,,,,,,,,,,,Tuesday,20250401,1190,,,
1191_20250402__x,,,,,,,,,,,,Wednesday,20250402,1191,,,
1192_20250403__x,,,,,,,,,,,,Thursday,20250403,1192,,,
1193_20250404__x,,,,,,,,,,,,Friday,20250404,1193,,,
1194_20250405__x,,,,,,,,,,,,Saturday,20250405,1194,,,
1195_20250406__x,,,,,,,,,,,,Sunday,20250406,1195,,,
1196_20250407__x,,,,,,,,,,,,Monday,20250407,1196,,,
1197_20250408__x,,,,,,,,,,,,Tuesday,20250408,1197,,,
1198_20250409__x,,,,,,,,,,,,Wednesday,20250409,1198,,,
1199_20250410__x,,,,,,,,,,,,Thursday,20250410,1199,,,
1200_20250411__x,,,,,,,,,,,,Friday,20250411,1200,,,
