,Day Number_Date_Time_Top Set WeightxNumber of Reps,camera,Lifting Notes,Grip,Beltless,Stiff Bar,Deficiet,Pauses,Top Set Weight,Number of Reps,Time,Effective Weight,Day,Date,Day Number,Average Weight,Daily Delta,DayNumber,X_Combination,Y_Combination,Row_Index,DecimalHour
0,1_20211229_1642_405x1,phone,Day 1,M,0.0,1.0,0.0,0.0,405.0,1.0,1642.0,405.0,,20211229,1,,,,M-Beltless-0.0-StiffBar-1.0,Deficiet-0.0-Pauses-0.0,0,16.7
1,2_20211230_1711_405x1,phone,,M,0.0,1.0,0.0,0.0,405.0,1.0,1711.0,405.0,,20211230,2,,,,M-Beltless-0.0-StiffBar-1.0,Deficiet-0.0-Pauses-0.0,1,17.183333333333334
2,3_20211231_1545_405x1,phone,,M,0.0,1.0,0.0,0.0,405.0,1.0,1545.0,405.0,,20211231,3,,,,M-Beltless-0.0-StiffBar-1.0,Deficiet-0.0-Pauses-0.0,2,15.75
495,496_20230508_926_405x1,,"3x10 strict/push press (5 strict, 5 push) at 135",DO,1.0,1.0,0.0,0.0,405.0,1.0,926.0,405.0,,20230508,496,425.7142857,-20.71428571,,DO-Beltless-1.0-StiffBar-1.0,Deficiet-0.0-Pauses-0.0,495,9.433333333333334
496,497_20230509_1318_405x1,,,M,1.0,0.0,0.0,0.0,405.0,1.0,1318.0,405.0,,20230509,497,425.7142857,-20.71428571,,M-Beltless-1.0-StiffBar-0.0,Deficiet-0.0-Pauses-0.0,496,13.3
497,498_20230510_1917_405x1,,,M,1.0,0.0,0.0,0.0,405.0,1.0,1917.0,405.0,,20230510,498,425.7142857,-20.71428571,,M-Beltless-1.0-StiffBar-0.0,Deficiet-0.0-Pauses-0.0,497,19.283333333333335
498,499_20230511_1805_405x1,,,M,1.0,0.0,0.0,0.0,405.0,1.0,1805.0,405.0,,20230511,499,425.7142857,-20.71428571,,M-Beltless-1.0-StiffBar-0.0,Deficiet-0.0-Pauses-0.0,498,18.083333333333332
499,500_20230512_1406_405x1,,,M,1.0,0.0,0.0,0.0,405.0,1.0,1406.0,405.0,,20230512,500,424.2857143,-19.28571429,,M-Beltless-1.0-StiffBar-0.0,Deficiet-0.0-Pauses-0.0,499,14.1
500,501_20230513_1347_405x1,,,M,1.0,0.0,0.0,0.0,405.0,1.0,1347.0,405.0,,20230513,501,405.0,0.0,,M-Beltless-1.0-StiffBar-0.0,Deficiet-0.0-Pauses-0.0,500,13.783333333333333
501,502_20230514_1518_405x1,,,M,1.0,0.0,0.0,0.0,405.0,1.0,1518.0,405.0,,20230514,502,405.0,0.0,,M-Beltless-1.0-StiffBar-0.0,Deficiet-0.0-Pauses-0.0,501,15.3
502,503_20230515_702_405x1,,REALTIME 545 AM,M,1.0,0.0,0.0,0.0,405.0,1.0,702.0,405.0,,20230515,503,405.0,0.0,,M-Beltless-1.0-StiffBar-0.0,Deficiet-0.0-Pauses-0.0,502,7.033333333333333
503,504_20230516_1459_405x1,,,M,0.0,0.0,0.0,0.0,405.0,1.0,1459.0,405.0,,20230516,504,405.0,0.0,,M-Beltless-0.0-StiffBar-0.0,Deficiet-0.0-Pauses-0.0,503,14.983333333333333
504,505_20230517_1459_405x1,,,M,1.0,0.0,0.0,0.0,405.0,1.0,1459.0,405.0,,20230517,505,405.0,0.0,,M-Beltless-1.0-StiffBar-0.0,Deficiet-0.0-Pauses-0.0,504,14.983333333333333
505,506_20230518_1210_405x1,,,M,1.0,1.0,0.0,0.0,405.0,1.0,1210.0,405.0,,20230518,506,405.0,0.0,,M-Beltless-1.0-StiffBar-1.0,Deficiet-0.0-Pauses-0.0,505,12.166666666666666
506,507_20230519_1634_405x1,,,M,1.0,0.0,0.0,0.0,405.0,1.0,1634.0,405.0,,20230519,507,405.0,0.0,,M-Beltless-1.0-StiffBar-0.0,Deficiet-0.0-Pauses-0.0,506,16.566666666666666
507,508_20230520_1822_405x1,,,DO,1.0,0.0,0.0,0.0,405.0,1.0,1822.0,405.0,,20230520,508,405.0,0.0,,DO-Beltless-1.0-StiffBar-0.0,Deficiet-0.0-Pauses-0.0,507,18.366666666666667
508,509_20230521_1817_405x3,,,M,1.0,0.0,0.0,0.0,405.0,3.0,1817.0,430.11,,20230521,509,408.5871429,21.52285714,,M-Beltless-1.0-StiffBar-0.0,Deficiet-0.0-Pauses-0.0,508,18.283333333333335
509,510_20230522_1231_425x1,,,M,1.0,1.0,0.0,0.0,425.0,1.0,1231.0,425.0,,20230522,510,411.4442857,13.55571429,,M-Beltless-1.0-StiffBar-1.0,Deficiet-0.0-Pauses-0.0,509,12.516666666666667
510,511_20230523_2059_405x1,,,M,1.0,0.0,0.0,1.0,405.0,1.0,2059.0,405.0,,20230523,511,411.4442857,-6.444285714,,M-Beltless-1.0-StiffBar-0.0,Deficiet-0.0-Pauses-1.0,510,20.983333333333334
511,512_20230524_1218_415x1,,,DO,0.0,0.0,0.0,0.0,415.0,1.0,1218.0,415.0,,20230524,512,412.8728571,2.127142857,,DO-Beltless-0.0-StiffBar-0.0,Deficiet-0.0-Pauses-0.0,511,12.3
514,515_20230527_1538_425x2,DJI,,M,0.0,0.0,0.0,0.0,425.0,2.0,1538.0,438.175,,20230527,515,419.7141667,18.46083333,,M-Beltless-0.0-StiffBar-0.0,Deficiet-0.0-Pauses-0.0,514,15.633333333333333
515,516_20230528_1214_415x1,Phone,Done at Mom's House!,M,0.0,1.0,0.0,0.0,415.0,1.0,1214.0,415.0,,20230528,516,417.1958333,-2.195833333,,M-Beltless-0.0-StiffBar-1.0,Deficiet-0.0-Pauses-0.0,515,12.233333333333333
516,517_20230529_1901_455x1,DJI,,M,0.0,0.0,0.0,0.0,455.0,1.0,1901.0,455.0,,20230529,517,422.1958333,32.80416667,,M-Beltless-0.0-StiffBar-0.0,Deficiet-0.0-Pauses-0.0,516,19.016666666666666
555,556_20230707_423_405x1,,earliest deadlift day so far!!!,M,0.0,0.0,0.0,0.0,405.0,1.0,423.0,405.0,,20230707,556,456.437,-51.437,,M-Beltless-0.0-StiffBar-0.0,Deficiet-0.0-Pauses-0.0,555,4.383333333333334
595,596_20230816_1400_405x1,DJI,,H,1.0,0.0,0.0,0.0,405.0,1.0,1400.0,405.0,,20230816,596,405.0,0.0,,H-Beltless-1.0-StiffBar-0.0,Deficiet-0.0-Pauses-0.0,595,14.0
596,597_20230817_1058_405x1,DJI,check on when thesis defense happened,H,1.0,0.0,0.0,0.0,405.0,1.0,1058.0,405.0,,20230817,597,405.0,0.0,,H-Beltless-1.0-StiffBar-0.0,Deficiet-0.0-Pauses-0.0,596,10.966666666666667
616,617_20230906_659_405x1,DJI,Good video of lifting in tight space,S,1.0,0.0,0.0,0.0,405.0,1.0,659.0,405.0,,20230906,617,405.0,0.0,,S-Beltless-1.0-StiffBar-0.0,Deficiet-0.0-Pauses-0.0,616,6.983333333333333
628,629_20230918_1733_405x1,DJI,First day of LL ?,H,1.0,0.0,0.0,0.0,405.0,1.0,1733.0,405.0,,20230918,629,405.0,0.0,,H-Beltless-1.0-StiffBar-0.0,Deficiet-0.0-Pauses-0.0,628,17.55
631,632_20230921_2007_405x1,DJI,,H,1.0,0.0,0.0,0.0,405.0,1.0,2007.0,405.0,,20230921,632,405.0,0.0,,H-Beltless-1.0-StiffBar-0.0,Deficiet-0.0-Pauses-0.0,631,20.116666666666667
632,633_20230922_1856_405x2,DJI,Possibly first work clothes lift,S,1.0,0.0,0.0,0.0,405.0,2.0,1856.0,417.555,,20230922,633,409.185,8.37,,S-Beltless-1.0-StiffBar-0.0,Deficiet-0.0-Pauses-0.0,632,18.933333333333334
633,634_20230923_2044_405x2,DJI,,S,1.0,0.0,0.0,0.0,405.0,2.0,2044.0,417.555,,20230923,634,411.2775,6.2775,,S-Beltless-1.0-StiffBar-0.0,Deficiet-0.0-Pauses-0.0,633,20.733333333333334
634,635_20230924_1811_405x3,DJI,,S,1.0,0.0,0.0,0.0,405.0,3.0,1811.0,430.11,,20230924,635,415.044,15.066,,S-Beltless-1.0-StiffBar-0.0,Deficiet-0.0-Pauses-0.0,634,18.183333333333334
640,641_20230930_1113_405x3,DJI,,S,1.0,0.0,0.0,0.0,405.0,3.0,1113.0,430.11,,20230930,641,430.11,0.0,,S-Beltless-1.0-StiffBar-0.0,Deficiet-0.0-Pauses-0.0,640,11.216666666666667
670,671_20231030_727_405x1,DJI,,H,1.0,0.0,0.0,0.0,405.0,1.0,727.0,405.0,,20231030,671,405.0,0.0,,H-Beltless-1.0-StiffBar-0.0,Deficiet-0.0-Pauses-0.0,670,7.45
671,672_20231031_1814_405x1,DJI,,H,1.0,0.0,0.0,0.0,405.0,1.0,1814.0,405.0,,20231031,672,405.0,0.0,,H-Beltless-1.0-StiffBar-0.0,Deficiet-0.0-Pauses-0.0,671,18.233333333333334
674,675_20231103_1750_405x1,DJI,,H,1.0,0.0,0.0,0.0,405.0,1.0,1750.0,405.0,,20231103,675,405.0,0.0,,H-Beltless-1.0-StiffBar-0.0,Deficiet-0.0-Pauses-0.0,674,17.833333333333332
701,702_20231130_1458_435x2,DJI,Haley Bday,S,0.0,0.0,0.0,0.0,435.0,2.0,1458.0,448.485,,20231130,702,448.485,0.0,,S-Beltless-0.0-StiffBar-0.0,Deficiet-0.0-Pauses-0.0,701,14.966666666666667
702,703_20231201_1704_435x1,DJI,,S,1.0,0.0,0.0,0.0,435.0,1.0,1704.0,435.0,,20231201,703,441.7425,-6.7425,,S-Beltless-1.0-StiffBar-0.0,Deficiet-0.0-Pauses-0.0,702,17.066666666666666
713,714_20231212_725_455x1,DJI,,S,1.0,0.0,0.0,0.0,455.0,1.0,725.0,455.0,,20231212,714,455.0,0.0,,S-Beltless-1.0-StiffBar-0.0,Deficiet-0.0-Pauses-0.0,713,7.416666666666667
714,715_20231213_1725_505x1,DJI,,S,0.0,0.0,0.0,0.0,505.0,1.0,1725.0,505.0,,20231213,715,480.0,25.0,,S-Beltless-0.0-StiffBar-0.0,Deficiet-0.0-Pauses-0.0,714,17.416666666666668
715,716_20231214_1844_505x1,DJI,,S,0.0,0.0,0.0,0.0,505.0,1.0,1844.0,505.0,,20231214,716,488.3333333,16.66666667,,S-Beltless-0.0-StiffBar-0.0,Deficiet-0.0-Pauses-0.0,715,18.733333333333334
716,717_20231215_1643_505x1,DJI,,S,0.0,0.0,0.0,0.0,505.0,1.0,1643.0,505.0,,20231215,717,492.5,12.5,,S-Beltless-0.0-StiffBar-0.0,Deficiet-0.0-Pauses-0.0,716,16.716666666666665
717,718_20231216_1850_505x1,DJI,,S,0.0,0.0,0.0,0.0,505.0,1.0,1850.0,505.0,,20231216,718,495.0,10.0,,S-Beltless-0.0-StiffBar-0.0,Deficiet-0.0-Pauses-0.0,717,18.833333333333332
718,719_20231217_1218_505x1,DJI,,S,0.0,0.0,0.0,0.0,505.0,1.0,1218.0,505.0,,20231217,719,496.6666667,8.333333333,,S-Beltless-0.0-StiffBar-0.0,Deficiet-0.0-Pauses-0.0,718,12.3
720,721_20231219_1857_505x1,DJI,,S,0.0,0.0,0.0,0.0,505.0,1.0,1857.0,505.0,,20231219,721,505.0,0.0,,S-Beltless-0.0-StiffBar-0.0,Deficiet-0.0-Pauses-0.0,720,18.95
721,722_20231220_1910_505x1,DJI,,S,0.0,0.0,0.0,0.0,505.0,1.0,1910.0,505.0,,20231220,722,505.0,0.0,,S-Beltless-0.0-StiffBar-0.0,Deficiet-0.0-Pauses-0.0,721,19.166666666666668
722,723_20231221_1615_505x1,DJI,Anytime Fitness,S,0.0,1.0,0.0,0.0,505.0,1.0,1615.0,505.0,,20231221,723,505.0,0.0,,S-Beltless-0.0-StiffBar-1.0,Deficiet-0.0-Pauses-0.0,722,16.25
723,724_20231222_1419_505x2,DJI,Anytime Fitness,S,0.0,1.0,0.0,0.0,505.0,2.0,1419.0,520.655,,20231222,724,507.6091667,13.04583333,,S-Beltless-0.0-StiffBar-1.0,Deficiet-0.0-Pauses-0.0,723,14.316666666666666
742,743_20240110_1943_415x5,DJI,,DO,1.0,0.0,0.0,0.0,415.0,5.0,1943.0,466.46,,20240110,743,466.46,0.0,,DO-Beltless-1.0-StiffBar-0.0,Deficiet-0.0-Pauses-0.0,742,19.716666666666665
743,744_20240111_723_415x5,DJI,,S,1.0,0.0,0.0,0.0,415.0,5.0,723.0,466.46,,20240111,744,466.46,0.0,,S-Beltless-1.0-StiffBar-0.0,Deficiet-0.0-Pauses-0.0,743,7.383333333333334
744,745_20240112_2026_415x5,DJI,,S,1.0,0.0,0.0,0.0,415.0,5.0,2026.0,466.46,,20240112,745,466.46,0.0,,S-Beltless-1.0-StiffBar-0.0,Deficiet-0.0-Pauses-0.0,744,20.433333333333334
745,746_20240113_1006_415x6,DJI,,S,1.0,0.0,0.0,0.0,415.0,6.0,1006.0,479.325,,20240113,746,469.67625,9.64875,,S-Beltless-1.0-StiffBar-0.0,Deficiet-0.0-Pauses-0.0,745,10.1
747,748_20240115_1520_415x6,DJI,,S,1.0,0.0,0.0,0.0,415.0,6.0,1520.0,479.325,,20240115,748,471.606,7.719,,S-Beltless-1.0-StiffBar-0.0,Deficiet-0.0-Pauses-0.0,747,15.333333333333334
748,749_20240116_718_415x6,DJI,,S,1.0,0.0,0.0,0.0,415.0,6.0,718.0,479.325,,20240116,749,472.8925,6.4325,,S-Beltless-1.0-StiffBar-0.0,Deficiet-0.0-Pauses-0.0,748,7.3
749,750_20240117_2033_415x6,DJI,,S,1.0,0.0,0.0,0.0,415.0,6.0,2033.0,479.325,,20240117,750,475.0366667,4.288333333,,S-Beltless-1.0-StiffBar-0.0,Deficiet-0.0-Pauses-0.0,749,20.55
750,751_20240118_1211_415x7,DJI,,S,1.0,0.0,0.0,0.0,415.0,7.0,1211.0,492.19,,20240118,751,479.325,12.865,,S-Beltless-1.0-StiffBar-0.0,Deficiet-0.0-Pauses-0.0,750,12.183333333333334
760,761_20240128_1207_405x8,DJI,,S,1.0,0.0,0.0,0.0,405.0,8.0,1207.0,492.885,,20240128,761,492.885,0.0,,S-Beltless-1.0-StiffBar-0.0,Deficiet-0.0-Pauses-0.0,760,12.116666666666667
782,783_20240219_1950_405x10,DJI,,S,0.0,0.0,0.0,0.0,405.0,10.0,1950.0,517.995,,20240219,783,517.995,0.0,,S-Beltless-0.0-StiffBar-0.0,Deficiet-0.0-Pauses-0.0,782,19.833333333333332
800,801_20240308_1309_415x1,DJI,,S,1.0,1.0,0.0,0.0,415.0,1.0,1309.0,415.0,,20240308,801,415.0,0.0,,S-Beltless-1.0-StiffBar-1.0,Deficiet-0.0-Pauses-0.0,800,13.15
801,802_20240309_1638_415x1,DJI,,S,1.0,1.0,0.0,0.0,415.0,1.0,1638.0,415.0,,20240309,802,415.0,0.0,,S-Beltless-1.0-StiffBar-1.0,Deficiet-0.0-Pauses-0.0,801,16.633333333333333
802,803_20240310_1502_415x1,DJI,,S,1.0,1.0,0.0,0.0,415.0,1.0,1502.0,415.0,,20240310,803,415.0,0.0,,S-Beltless-1.0-StiffBar-1.0,Deficiet-0.0-Pauses-0.0,802,15.033333333333333
803,804_20240311_1740_415x1,DJI,,M,1.0,1.0,0.0,0.0,415.0,1.0,1740.0,415.0,,20240311,804,415.0,0.0,,M-Beltless-1.0-StiffBar-1.0,Deficiet-0.0-Pauses-0.0,803,17.666666666666668
804,805_20240312_1919_415x1,DJI,,M,1.0,1.0,0.0,0.0,415.0,1.0,1919.0,415.0,,20240312,805,415.0,0.0,,M-Beltless-1.0-StiffBar-1.0,Deficiet-0.0-Pauses-0.0,804,19.316666666666666
807,808_20240315_1629_415x1,DJI,,M,1.0,1.0,0.0,1.0,415.0,1.0,1629.0,415.0,,20240315,808,415.0,0.0,,M-Beltless-1.0-StiffBar-1.0,Deficiet-0.0-Pauses-1.0,807,16.483333333333334
809,810_20240317_1313_415x1,DJI,,S,1.0,1.0,0.0,0.0,415.0,1.0,1313.0,415.0,,20240317,810,415.0,0.0,,S-Beltless-1.0-StiffBar-1.0,Deficiet-0.0-Pauses-0.0,809,13.216666666666667
810,811_20240318_1545_415x2,DJI,,S,1.0,1.0,0.0,1.0,415.0,2.0,1545.0,427.865,,20240318,811,418.21625,9.64875,,S-Beltless-1.0-StiffBar-1.0,Deficiet-0.0-Pauses-1.0,810,15.75
851,852_20240428_1252_525x2,DJI,Coan Philipi,S,0.0,1.0,0.0,0.0,525.0,2.0,1252.0,541.275,,20240428,852,541.275,0.0,,S-Beltless-0.0-StiffBar-1.0,Deficiet-0.0-Pauses-0.0,851,12.866666666666667
855,856_20240502_526_455x1,DJI,,M,1.0,0.0,0.0,0.0,455.0,1.0,526.0,455.0,,20240502,856,498.1375,-43.1375,,M-Beltless-1.0-StiffBar-0.0,Deficiet-0.0-Pauses-0.0,855,5.433333333333334
856,857_20240503_1413_435x1,Phone,,S,0.0,1.0,0.0,1.0,435.0,1.0,1413.0,435.0,,20240503,857,477.0916667,-42.09166667,,S-Beltless-0.0-StiffBar-1.0,Deficiet-0.0-Pauses-1.0,856,14.216666666666667
905,906_20240621_332_405x1,Phone,!!!,S,1.0,0.0,0.0,0.0,405.0,1.0,332.0,405.0,,20240621,906,405.0,0.0,,S-Beltless-1.0-StiffBar-0.0,Deficiet-0.0-Pauses-0.0,905,3.533333333333333
946,947_20240801_1544_405x1,Phone,"watch this one, possum in",M,1.0,0.0,0.0,0.0,405.0,1.0,1544.0,405.0,,20240801,947,405.0,0.0,,M-Beltless-1.0-StiffBar-0.0,Deficiet-0.0-Pauses-0.0,946,15.733333333333333
947,948_20240802_1334_405x1,,,S,1.0,0.0,0.0,1.0,405.0,1.0,1334.0,405.0,,20240802,948,405.0,0.0,,S-Beltless-1.0-StiffBar-0.0,Deficiet-0.0-Pauses-1.0,947,13.566666666666666
948,949_20240803_1241_405x1,,,S,1.0,0.0,0.0,0.0,405.0,1.0,1241.0,405.0,,20240803,949,405.0,0.0,,S-Beltless-1.0-StiffBar-0.0,Deficiet-0.0-Pauses-0.0,948,12.683333333333334
949,950_20240804_1434_405x1,,,S,1.0,0.0,0.0,0.0,405.0,1.0,1434.0,405.0,,20240804,950,405.0,0.0,,S-Beltless-1.0-StiffBar-0.0,Deficiet-0.0-Pauses-0.0,949,14.566666666666666
950,951_20240805_1920_405x1,,,M,1.0,0.0,0.0,1.0,405.0,1.0,1920.0,405.0,,20240805,951,405.0,0.0,,M-Beltless-1.0-StiffBar-0.0,Deficiet-0.0-Pauses-1.0,950,19.333333333333332
951,952_20240806_1632_405x1,,,M,1.0,0.0,0.0,0.0,405.0,1.0,1632.0,405.0,,20240806,952,405.0,0.0,,M-Beltless-1.0-StiffBar-0.0,Deficiet-0.0-Pauses-0.0,951,16.533333333333335
975,976_20240830_345_405x1,,,S,1.0,0.0,0.0,0.0,405.0,1.0,345.0,405.0,,20240830,976,405.0,0.0,,S-Beltless-1.0-StiffBar-0.0,Deficiet-0.0-Pauses-0.0,975,3.75
985,986_20240909_314_405x1,phone,,S,1.0,0.0,1.0,1.0,405.0,1.0,314.0,405.0,,20240909,986,405.0,0.0,,S-Beltless-1.0-StiffBar-0.0,Deficiet-1.0-Pauses-1.0,985,3.2333333333333334
996,997_20240920_512_405x1,phone,,S,1.0,0.0,0.0,0.0,405.0,1.0,512.0,405.0,,20240920,997,405.0,0.0,,S-Beltless-1.0-StiffBar-0.0,Deficiet-0.0-Pauses-0.0,996,5.2
1000,1001_20240924_1855_405x1,phone,,M,1.0,0.0,0.0,0.0,405.0,1.0,1855.0,405.0,,20240924,1001,405.0,0.0,,M-Beltless-1.0-StiffBar-0.0,Deficiet-0.0-Pauses-0.0,1000,18.916666666666668
1001,1002_20240925_1738_405x2,phone,,M,1.0,0.0,0.0,0.0,405.0,2.0,1738.0,417.555,,20240925,1002,409.185,8.37,,M-Beltless-1.0-StiffBar-0.0,Deficiet-0.0-Pauses-0.0,1001,17.633333333333333
1002,1003_20240926_1322_405x2,phone,,S,1.0,0.0,0.0,0.0,405.0,2.0,1322.0,417.555,,20240926,1003,411.2775,6.2775,,S-Beltless-1.0-StiffBar-0.0,Deficiet-0.0-Pauses-0.0,1002,13.366666666666667
1003,1004_20240927_1130_505x1,phone,Nantucket!,M,1.0,1.0,0.0,0.0,505.0,1.0,1130.0,505.0,,20240927,1004,436.2775,68.7225,,M-Beltless-1.0-StiffBar-1.0,Deficiet-0.0-Pauses-0.0,1003,11.5
1004,1005_20240928_921_455x1,phone,Nantucket!,M,1.0,1.0,0.0,0.0,455.0,1.0,921.0,455.0,,20240928,1005,440.022,14.978,,M-Beltless-1.0-StiffBar-1.0,Deficiet-0.0-Pauses-0.0,1004,9.35
1005,1006_20240929_1147_455x1,phone,Nantucket!,M,1.0,1.0,0.0,0.0,455.0,1.0,1147.0,455.0,,20240929,1006,442.5183333,12.48166667,,M-Beltless-1.0-StiffBar-1.0,Deficiet-0.0-Pauses-0.0,1005,11.783333333333333
1006,1007_20240930_1508_405x1,phone,,M,1.0,0.0,0.0,0.0,405.0,1.0,1508.0,405.0,,20240930,1007,437.1585714,-32.15857143,,M-Beltless-1.0-StiffBar-0.0,Deficiet-0.0-Pauses-0.0,1006,15.133333333333333
1007,1008_20241001_2014_405x2,phone,,S,1.0,0.0,0.0,0.0,405.0,2.0,2014.0,417.555,,20241001,1008,438.9521429,-21.39714286,,S-Beltless-1.0-StiffBar-0.0,Deficiet-0.0-Pauses-0.0,1007,20.233333333333334
1008,1009_20241002_1701_405x2,phone,,S,1.0,0.0,0.0,0.0,405.0,2.0,1701.0,417.555,,20241002,1009,438.9521429,-21.39714286,,S-Beltless-1.0-StiffBar-0.0,Deficiet-0.0-Pauses-0.0,1008,17.016666666666666
1009,1010_20241003_1450_405x3,phone,,S,1.0,0.0,0.0,1.0,405.0,3.0,1450.0,430.11,,20241003,1010,440.7457143,-10.63571429,,S-Beltless-1.0-StiffBar-0.0,Deficiet-0.0-Pauses-1.0,1009,14.833333333333334
1010,1011_20241004_1459_405x3,phone,"watch this one, haley pops in",S,1.0,0.0,0.0,0.0,405.0,3.0,1459.0,430.11,,20241004,1011,430.0471429,0.06285714286,,S-Beltless-1.0-StiffBar-0.0,Deficiet-0.0-Pauses-0.0,1010,14.983333333333333
1011,1012_20241005_1254_405x3,phone,,S,1.0,0.0,0.0,0.0,405.0,3.0,1254.0,430.11,,20241005,1012,426.4914286,3.618571429,,S-Beltless-1.0-StiffBar-0.0,Deficiet-0.0-Pauses-0.0,1011,12.9
1012,1013_20241006_1527_425x4,phone,,S,1.0,0.0,0.0,0.0,425.0,4.0,1527.0,464.525,,20241006,1013,427.8521429,36.67285714,,S-Beltless-1.0-StiffBar-0.0,Deficiet-0.0-Pauses-0.0,1012,15.45
1013,1014_20241007_1926_425x4,phone,,S,1.0,0.0,0.0,0.0,425.0,4.0,1926.0,464.525,,20241007,1014,436.3557143,28.16928571,,S-Beltless-1.0-StiffBar-0.0,Deficiet-0.0-Pauses-0.0,1013,19.433333333333334
1014,1015_20241008_1553_425x4,phone,,S,1.0,0.0,0.0,0.0,425.0,4.0,1553.0,464.525,,20241008,1015,443.0657143,21.45928571,,S-Beltless-1.0-StiffBar-0.0,Deficiet-0.0-Pauses-0.0,1014,15.883333333333333
1015,1016_20241009_2151_425x4,phone,,S,1.0,0.0,0.0,0.0,425.0,4.0,2151.0,464.525,,20241009,1016,449.7757143,14.74928571,,S-Beltless-1.0-StiffBar-0.0,Deficiet-0.0-Pauses-0.0,1015,21.85
1016,1017_20241010_1632_425x5,phone,,S,1.0,0.0,0.0,0.0,425.0,5.0,1632.0,477.7,,20241010,1017,456.5742857,21.12571429,,S-Beltless-1.0-StiffBar-0.0,Deficiet-0.0-Pauses-0.0,1016,16.533333333333335
1017,1018_20241011_1621_425x5,phone,,S,1.0,0.0,0.0,0.0,425.0,5.0,1621.0,477.7,,20241011,1018,463.3728571,14.32714286,,S-Beltless-1.0-StiffBar-0.0,Deficiet-0.0-Pauses-0.0,1017,16.35
1018,1019_20241012_1523_425x5,phone,,S,1.0,0.0,0.0,0.0,425.0,5.0,1523.0,477.7,,20241012,1019,470.1714286,7.528571429,,S-Beltless-1.0-StiffBar-0.0,Deficiet-0.0-Pauses-0.0,1018,15.383333333333333
1019,1020_20241013_1257_425x5,phone,,S,1.0,0.0,0.0,0.0,425.0,5.0,1257.0,477.7,,20241013,1020,472.0535714,5.646428571,,S-Beltless-1.0-StiffBar-0.0,Deficiet-0.0-Pauses-0.0,1019,12.95
1020,1021_20241014_1609_425x5,phone,,S,1.0,0.0,0.0,0.0,425.0,5.0,1609.0,477.7,,20241014,1021,473.9357143,3.764285714,,S-Beltless-1.0-StiffBar-0.0,Deficiet-0.0-Pauses-0.0,1020,16.15
1021,1022_20241015_1313_425x5,phone,,S,1.0,0.0,0.0,0.0,425.0,5.0,1313.0,477.7,,20241015,1022,475.8178571,1.882142857,,S-Beltless-1.0-StiffBar-0.0,Deficiet-0.0-Pauses-0.0,1021,13.216666666666667
1022,1023_20241016_1638_425x6,phone,,S,1.0,0.0,0.0,0.0,425.0,6.0,1638.0,490.875,,20241016,1023,479.5821429,11.29285714,,S-Beltless-1.0-StiffBar-0.0,Deficiet-0.0-Pauses-0.0,1022,16.633333333333333
1023,1024_20241017_1353_425x6,phone,,S,1.0,0.0,0.0,0.0,425.0,6.0,1353.0,490.875,,20241017,1024,481.4642857,9.410714286,,S-Beltless-1.0-StiffBar-0.0,Deficiet-0.0-Pauses-0.0,1023,13.883333333333333
1024,1025_20241018_1150_425x1,phone,,M,1.0,0.0,0.0,0.0,425.0,1.0,1150.0,425.0,,20241018,1025,473.9357143,-48.93571429,,M-Beltless-1.0-StiffBar-0.0,Deficiet-0.0-Pauses-0.0,1024,11.833333333333334
1025,1026_20241019_1411_425x1,phone,,S,1.0,0.0,0.0,0.0,425.0,1.0,1411.0,425.0,,20241019,1026,466.4071429,-41.40714286,,S-Beltless-1.0-StiffBar-0.0,Deficiet-0.0-Pauses-0.0,1025,14.183333333333334
1026,1027_20241020_1434_425x1,phone,,S,1.0,0.0,0.0,1.0,425.0,1.0,1434.0,425.0,,20241020,1027,458.8785714,-33.87857143,,S-Beltless-1.0-StiffBar-0.0,Deficiet-0.0-Pauses-1.0,1026,14.566666666666666
1027,1028_20241021_1609_425x1,phone,,M,1.0,0.0,0.0,1.0,425.0,1.0,1609.0,425.0,,20241021,1028,451.35,-26.35,,M-Beltless-1.0-StiffBar-0.0,Deficiet-0.0-Pauses-1.0,1027,16.15
1028,1029_20241022_1635_425x1,phone,,M,1.0,0.0,0.0,1.0,425.0,1.0,1635.0,425.0,,20241022,1029,443.8214286,-18.82142857,,M-Beltless-1.0-StiffBar-0.0,Deficiet-0.0-Pauses-1.0,1028,16.583333333333332
1029,1030_20241023_1147_425x1,phone,,M,1.0,0.0,0.0,0.0,425.0,1.0,1147.0,425.0,,20241023,1030,434.4107143,-9.410714286,,M-Beltless-1.0-StiffBar-0.0,Deficiet-0.0-Pauses-0.0,1029,11.783333333333333
1030,1031_20241024_1208_505x1,phone,Saco!,S,1.0,1.0,0.0,0.0,505.0,1.0,1208.0,505.0,,20241024,1031,436.4285714,68.57142857,,S-Beltless-1.0-StiffBar-1.0,Deficiet-0.0-Pauses-0.0,1030,12.133333333333333
1032,1033_20241026_1619_425x1,phone,,S,1.0,0.0,0.0,0.0,425.0,1.0,1619.0,425.0,,20241026,1033,438.3333333,-13.33333333,,S-Beltless-1.0-StiffBar-0.0,Deficiet-0.0-Pauses-0.0,1032,16.316666666666666
1033,1034_20241027_1358_425x1,phone,,S,1.0,0.0,0.0,0.0,425.0,1.0,1358.0,425.0,,20241027,1034,438.3333333,-13.33333333,,S-Beltless-1.0-StiffBar-0.0,Deficiet-0.0-Pauses-0.0,1033,13.966666666666667
1034,1035_20241028_1733_425x1,phone,,M,1.0,0.0,0.0,0.0,425.0,1.0,1733.0,425.0,,20241028,1035,438.3333333,-13.33333333,,M-Beltless-1.0-StiffBar-0.0,Deficiet-0.0-Pauses-0.0,1034,17.55
1035,1036_20241029_1430_425x2,phone,,S,1.0,0.0,0.0,0.0,425.0,2.0,1430.0,438.175,,20241029,1036,440.5291667,-2.354166667,,S-Beltless-1.0-StiffBar-0.0,Deficiet-0.0-Pauses-0.0,1035,14.5
1036,1037_20241030_2041_425x2,phone,"watch this one, haley pops in",S,1.0,0.0,0.0,0.0,425.0,2.0,2041.0,438.175,,20241030,1037,442.725,-4.55,,S-Beltless-1.0-StiffBar-0.0,Deficiet-0.0-Pauses-0.0,1036,20.683333333333334
1037,1038_20241031_1506_425x3,phone,,S,1.0,0.0,0.0,0.0,425.0,3.0,1506.0,451.35,,20241031,1038,433.7833333,17.56666667,,S-Beltless-1.0-StiffBar-0.0,Deficiet-0.0-Pauses-0.0,1037,15.1
1038,1039_20241101_1753_425x3,phone,,S,1.0,0.0,0.0,0.0,425.0,3.0,1753.0,451.35,,20241101,1039,436.2928571,15.05714286,,S-Beltless-1.0-StiffBar-0.0,Deficiet-0.0-Pauses-0.0,1038,17.883333333333333
1039,1040_20241102_1630_425x1,phone,,S,1.0,0.0,0.0,0.0,425.0,1.0,1630.0,425.0,,20241102,1040,436.2928571,-11.29285714,,S-Beltless-1.0-StiffBar-0.0,Deficiet-0.0-Pauses-0.0,1039,16.5
1066,1067_20241129_1315_425x1,phone,,M,1.0,0.0,0.0,0.0,425.0,1.0,1315.0,425.0,,20241129,1067,425.0,0.0,,M-Beltless-1.0-StiffBar-0.0,Deficiet-0.0-Pauses-0.0,1066,13.25
1067,1068_20241130_1356_405x1,phone,,M,1.0,0.0,0.0,0.0,405.0,1.0,1356.0,405.0,,20241130,1068,415.0,-10.0,,M-Beltless-1.0-StiffBar-0.0,Deficiet-0.0-Pauses-0.0,1067,13.933333333333334
1068,1069_20241201_1738_505x1,phone,,S,0.0,0.0,0.0,0.0,505.0,1.0,1738.0,505.0,,20241201,1069,445.0,60.0,,S-Beltless-0.0-StiffBar-0.0,Deficiet-0.0-Pauses-0.0,1068,17.633333333333333
1069,1070_20241202_1543_505x1,phone,,S,0.0,0.0,0.0,0.0,505.0,1.0,1543.0,505.0,,20241202,1070,460.0,45.0,,S-Beltless-0.0-StiffBar-0.0,Deficiet-0.0-Pauses-0.0,1069,15.716666666666667
1070,1071_20241203_1804_505x1,phone,,S,0.0,0.0,0.0,0.0,505.0,1.0,1804.0,505.0,,20241203,1071,469.0,36.0,,S-Beltless-0.0-StiffBar-0.0,Deficiet-0.0-Pauses-0.0,1070,18.066666666666666
1071,1072_20241204_1940_505x1,,Funny video with Haley interrupting,S,0.0,0.0,0.0,0.0,505.0,1.0,1940.0,505.0,,20241204,1072,475.0,30.0,,S-Beltless-0.0-StiffBar-0.0,Deficiet-0.0-Pauses-0.0,1071,19.666666666666668
1072,1073_20241205_1320_505x1,,,S,0.0,0.0,0.0,0.0,505.0,1.0,1320.0,505.0,,20241205,1073,479.2857143,25.71428571,,S-Beltless-0.0-StiffBar-0.0,Deficiet-0.0-Pauses-0.0,1072,13.333333333333334
1073,1074_20241206_1146_505x1,,"In Nantucket - Stroll, bad angle",S,0.0,1.0,0.0,0.0,505.0,1.0,1146.0,505.0,,20241206,1074,490.7142857,14.28571429,,S-Beltless-0.0-StiffBar-1.0,Deficiet-0.0-Pauses-0.0,1073,11.766666666666667
1074,1075_20241207_928_505x1,,"In Nantucket - Stroll, bad angle",S,0.0,1.0,0.0,0.0,505.0,1.0,928.0,505.0,,20241207,1075,505.0,0.0,,S-Beltless-0.0-StiffBar-1.0,Deficiet-0.0-Pauses-0.0,1074,9.466666666666667
1075,1076_20241208_1531_505x1,,,S,0.0,0.0,0.0,0.0,505.0,1.0,1531.0,505.0,,20241208,1076,505.0,0.0,,S-Beltless-0.0-StiffBar-0.0,Deficiet-0.0-Pauses-0.0,1075,15.516666666666667
1076,1077_20241209_1718_505x1,,,S,0.0,0.0,0.0,0.0,505.0,1.0,1718.0,505.0,,20241209,1077,505.0,0.0,,S-Beltless-0.0-StiffBar-0.0,Deficiet-0.0-Pauses-0.0,1076,17.3
1077,1078_20241210_1620_515x1,,,S,0.0,0.0,0.0,0.0,515.0,1.0,1620.0,515.0,,20241210,1078,506.4285714,8.571428571,,S-Beltless-0.0-StiffBar-0.0,Deficiet-0.0-Pauses-0.0,1077,16.333333333333332
1078,1079_20241211_1515_515x1,,,S,0.0,0.0,0.0,0.0,515.0,1.0,1515.0,515.0,,20241211,1079,507.8571429,7.142857143,,S-Beltless-0.0-StiffBar-0.0,Deficiet-0.0-Pauses-0.0,1078,15.25
1079,1080_20241212_1758_515x1,,,S,0.0,0.0,0.0,0.0,515.0,1.0,1758.0,515.0,,20241212,1080,509.2857143,5.714285714,,S-Beltless-0.0-StiffBar-0.0,Deficiet-0.0-Pauses-0.0,1079,17.966666666666665
1080,1081_20241213_1740_515x1,,,S,0.0,0.0,0.0,0.0,515.0,1.0,1740.0,515.0,,20241213,1081,510.7142857,4.285714286,,S-Beltless-0.0-StiffBar-0.0,Deficiet-0.0-Pauses-0.0,1080,17.666666666666668
1081,1082_20241214_1515_515x1,,,S,0.0,0.0,0.0,0.0,515.0,1.0,1515.0,515.0,,20241214,1082,512.1428571,2.857142857,,S-Beltless-0.0-StiffBar-0.0,Deficiet-0.0-Pauses-0.0,1081,15.25
1082,1083_20241215_1126_515x1,,,S,0.0,0.0,0.0,0.0,515.0,1.0,1126.0,515.0,,20241215,1083,513.5714286,1.428571429,,S-Beltless-0.0-StiffBar-0.0,Deficiet-0.0-Pauses-0.0,1082,11.433333333333334
1083,1084_20241216_1738_515x1,,,S,0.0,0.0,0.0,0.0,515.0,1.0,1738.0,515.0,,20241216,1084,515.0,0.0,,S-Beltless-0.0-StiffBar-0.0,Deficiet-0.0-Pauses-0.0,1083,17.633333333333333
1084,1085_20241217_2020_515x1,,,S,0.0,0.0,0.0,0.0,515.0,1.0,2020.0,515.0,,20241217,1085,515.0,0.0,,S-Beltless-0.0-StiffBar-0.0,Deficiet-0.0-Pauses-0.0,1084,20.333333333333332
1085,1086_20241218_1221_515x1,,,S,0.0,0.0,0.0,0.0,515.0,1.0,1221.0,515.0,,20241218,1086,515.0,0.0,,S-Beltless-0.0-StiffBar-0.0,Deficiet-0.0-Pauses-0.0,1085,12.35
1086,1087_20241219_1427_515x1,,,S,0.0,0.0,0.0,0.0,515.0,1.0,1427.0,515.0,,20241219,1087,515.0,0.0,,S-Beltless-0.0-StiffBar-0.0,Deficiet-0.0-Pauses-0.0,1086,14.45
1087,1088_20241220_1105_515x1,,,S,0.0,0.0,0.0,0.0,515.0,1.0,1105.0,515.0,,20241220,1088,515.0,0.0,,S-Beltless-0.0-StiffBar-0.0,Deficiet-0.0-Pauses-0.0,1087,11.083333333333334
1088,1089_20241221_1707_515x1,,,S,0.0,0.0,0.0,0.0,515.0,1.0,1707.0,515.0,,20241221,1089,515.0,0.0,,S-Beltless-0.0-StiffBar-0.0,Deficiet-0.0-Pauses-0.0,1088,17.116666666666667
1089,1090_20241222_1417_525x1,,,M,0.0,0.0,0.0,0.0,525.0,1.0,1417.0,525.0,,20241222,1090,516.4285714,8.571428571,,M-Beltless-0.0-StiffBar-0.0,Deficiet-0.0-Pauses-0.0,1089,14.283333333333333
1090,1091_20241223_1400_505x1,,,M,0.0,0.0,0.0,0.0,505.0,1.0,1400.0,505.0,,20241223,1091,515.0,-10.0,,M-Beltless-0.0-StiffBar-0.0,Deficiet-0.0-Pauses-0.0,1090,14.0
1091,1092_20241224_1221_505x1,,,S,0.0,0.0,0.0,0.0,505.0,1.0,1221.0,505.0,,20241224,1092,513.5714286,-8.571428571,,S-Beltless-0.0-StiffBar-0.0,Deficiet-0.0-Pauses-0.0,1091,12.35
1092,1093_20241225_1324_525x1,,Christmas Liftmas,S,0.0,0.0,0.0,0.0,525.0,1.0,1324.0,525.0,,20241225,1093,515.0,10.0,,S-Beltless-0.0-StiffBar-0.0,Deficiet-0.0-Pauses-0.0,1092,13.4
1093,1094_20241226_1330_525x1,,,S,0.0,0.0,0.0,0.0,525.0,1.0,1330.0,525.0,,20241226,1094,516.4285714,8.571428571,,S-Beltless-0.0-StiffBar-0.0,Deficiet-0.0-Pauses-0.0,1093,13.5
1094,1095_20241227_1436_525x1,,,S,0.0,0.0,0.0,0.0,525.0,1.0,1436.0,525.0,,20241227,1095,517.8571429,7.142857143,,S-Beltless-0.0-StiffBar-0.0,Deficiet-0.0-Pauses-0.0,1094,14.6
1095,1096_20241228_1647_525x1,,,S,0.0,0.0,0.0,0.0,525.0,1.0,1647.0,525.0,,20241228,1096,519.2857143,5.714285714,,S-Beltless-0.0-StiffBar-0.0,Deficiet-0.0-Pauses-0.0,1095,16.783333333333335
1096,1097_20241229_922_525x1,,,S,0.0,0.0,0.0,0.0,525.0,1.0,922.0,525.0,,20241229,1097,519.2857143,5.714285714,,S-Beltless-0.0-StiffBar-0.0,Deficiet-0.0-Pauses-0.0,1096,9.366666666666667
1098,1099_20241231_1523_565x1,,1st Annual Bailey Powerlifitng Spectacular,M,0.0,0.0,0.0,0.0,565.0,1.0,1523.0,565.0,,20241231,1099,530.7142857,34.28571429,,M-Beltless-0.0-StiffBar-0.0,Deficiet-0.0-Pauses-0.0,1098,15.383333333333333
